<rss version="2.0" xmlns:atom="http://www.w3.org/2005/Atom"><channel><title>GitHub Copilot ハンズオン – 事前準備</title><link>/categories/%E4%BA%8B%E5%89%8D%E6%BA%96%E5%82%99/</link><description>Recent content in 事前準備 on GitHub Copilot ハンズオン</description><generator>Hugo -- gohugo.io</generator><language>ja</language><atom:link href="/categories/%E4%BA%8B%E5%89%8D%E6%BA%96%E5%82%99/index.xml" rel="self" type="application/rss+xml"/><item><title>Docs: 事前準備</title><link>/docs/overview/</link><pubDate>Mon, 01 Jan 0001 00:00:00 +0000</pubDate><guid>/docs/overview/</guid><description>
&lt;p>本ハンズオンでは、VS Code と GitHub Copilot の拡張機能が使用できる必要があります。
基本的に説明は VS Code をベースに行います。&lt;/p>
&lt;h2 id="vs-code-での設定方法">VS Code での設定方法&lt;/h2>
&lt;p>空のディレクトリを作成し、VS Code でそのディレクトリを開いてください。
ハンズオンの流れとして、サンプルのコードをベースに GitHub Copilot の使い方を説明しますので、このプロジェクトに任意のファイルを作成してコードを書いていくことになります。
&lt;img src="https://github.com/user-attachments/assets/952fa1de-34c5-4421-b6c4-baae7ad398d0" alt="Image">&lt;/p>
&lt;h3 id="github-copilot-が有効になっているか確認">GitHub Copilot が有効になっているか確認&lt;/h3>
&lt;p>VS Code 右下にある「GitHub Copilot」アイコンをクリックして、拡張機能が有効になっていることを確認してください。
&lt;img src="https://github.com/user-attachments/assets/3f06052b-28e3-41d6-8aef-946922e769c7" alt="Image">&lt;/p>
&lt;p>また、動作確認として、プロジェクト内に Sample.java などのファイルを作成し、下記のようなコメントを入力して改行してみてください。&lt;/p>
&lt;div class="highlight">&lt;pre tabindex="0" style="background-color:#f8f8f8;-moz-tab-size:4;-o-tab-size:4;tab-size:4;">&lt;code class="language-java" data-lang="java">&lt;span style="display:flex;">&lt;span>&lt;span style="color:#8f5902;font-style:italic">// Hello World! と出力する&lt;/span>&lt;span style="color:#f8f8f8;text-decoration:underline">
&lt;/span>&lt;/span>&lt;/span>&lt;/code>&lt;/pre>&lt;/div>&lt;p>すると、コメントの下に「Hello World! と出力する」というコードが自動補完されるはずです。
&lt;img src="https://github.com/user-attachments/assets/d825612a-3714-4947-9b35-386a14956f8d" alt="Image">&lt;/p>
&lt;h3 id="copilot-chat-が有効になっているか確認">Copilot Chat が有効になっているか確認&lt;/h3>
&lt;p>VS Code の検索窓の右隣にある「Copilot Chat」アイコンをクリックして、チャットが起動することを確認してください。
入力欄に「Hello World と出力するプログラムを作成してください」と入力して送信し、コードが生成されることを確認してください。
&lt;img src="https://github.com/user-attachments/assets/c2e67af5-b1f0-4015-bc26-01d3484c0338" alt="Image">&lt;/p></description></item></channel></rss>