<?xml version="1.0" encoding="utf-8" standalone="yes"?>
<rss version="2.0" xmlns:atom="http://www.w3.org/2005/Atom">
  <channel>
    <title>Categories on GitHub Copilot ハンズオン</title>
    <link>/categories/</link>
    <description>Recent content in Categories on GitHub Copilot ハンズオン</description>
    <generator>Hugo -- gohugo.io</generator>
    <language>ja</language>
    <atom:link href="/categories/index.xml" rel="self" type="application/rss+xml" />
    <item>
      <title>Agent Mode</title>
      <link>/categories/agent-mode/</link>
      <pubDate>Mon, 01 Jan 0001 00:00:00 +0000</pubDate>
      <guid>/categories/agent-mode/</guid>
      <description></description>
    </item>
    <item>
      <title>GitHub Copilot</title>
      <link>/categories/github-copilot/</link>
      <pubDate>Mon, 01 Jan 0001 00:00:00 +0000</pubDate>
      <guid>/categories/github-copilot/</guid>
      <description></description>
    </item>
    <item>
      <title>GitHub Copilot応用</title>
      <link>/categories/github-copilot%E5%BF%9C%E7%94%A8/</link>
      <pubDate>Mon, 01 Jan 0001 00:00:00 +0000</pubDate>
      <guid>/categories/github-copilot%E5%BF%9C%E7%94%A8/</guid>
      <description></description>
    </item>
    <item>
      <title>エージェントモード</title>
      <link>/categories/%E3%82%A8%E3%83%BC%E3%82%B8%E3%82%A7%E3%83%B3%E3%83%88%E3%83%A2%E3%83%BC%E3%83%89/</link>
      <pubDate>Mon, 01 Jan 0001 00:00:00 +0000</pubDate>
      <guid>/categories/%E3%82%A8%E3%83%BC%E3%82%B8%E3%82%A7%E3%83%B3%E3%83%88%E3%83%A2%E3%83%BC%E3%83%89/</guid>
      <description></description>
    </item>
    <item>
      <title>技術者向け</title>
      <link>/categories/%E6%8A%80%E8%A1%93%E8%80%85%E5%90%91%E3%81%91/</link>
      <pubDate>Mon, 01 Jan 0001 00:00:00 +0000</pubDate>
      <guid>/categories/%E6%8A%80%E8%A1%93%E8%80%85%E5%90%91%E3%81%91/</guid>
      <description></description>
    </item>
    <item>
      <title>業務利活用</title>
      <link>/categories/%E6%A5%AD%E5%8B%99%E5%88%A9%E6%B4%BB%E7%94%A8/</link>
      <pubDate>Mon, 01 Jan 0001 00:00:00 +0000</pubDate>
      <guid>/categories/%E6%A5%AD%E5%8B%99%E5%88%A9%E6%B4%BB%E7%94%A8/</guid>
      <description></description>
    </item>
    <item>
      <title>事前準備</title>
      <link>/categories/%E4%BA%8B%E5%89%8D%E6%BA%96%E5%82%99/</link>
      <pubDate>Mon, 01 Jan 0001 00:00:00 +0000</pubDate>
      <guid>/categories/%E4%BA%8B%E5%89%8D%E6%BA%96%E5%82%99/</guid>
      <description></description>
    </item>
    <item>
      <title>実践演習</title>
      <link>/categories/%E5%AE%9F%E8%B7%B5%E6%BC%94%E7%BF%92/</link>
      <pubDate>Mon, 01 Jan 0001 00:00:00 +0000</pubDate>
      <guid>/categories/%E5%AE%9F%E8%B7%B5%E6%BC%94%E7%BF%92/</guid>
      <description></description>
    </item>
  </channel>
</rss>
