<?xml version="1.0" encoding="utf-8" standalone="yes"?>
<rss version="2.0" xmlns:atom="http://www.w3.org/2005/Atom">
  <channel>
    <title>search on GitHub Copilot ハンズオン</title>
    <link>/tags/search/</link>
    <description>Recent content in search on GitHub Copilot ハンズオン</description>
    <generator>Hugo -- gohugo.io</generator>
    <language>ja</language>
    <atom:link href="/tags/search/index.xml" rel="self" type="application/rss+xml" />
    <item>
      <title>問題3: バグ修正</title>
      <link>/docs/step3/example-3/</link>
      <pubDate>Mon, 01 Jan 0001 00:00:00 +0000</pubDate>
      <guid>/docs/step3/example-3/</guid>
      <description>前提条件 この演習を始める前に、検索ページの機能を含む add-search ブランチの内容を main ブランチにマージする必要があります。&#xA;📋 事前準備手順 # 1. main ブランチにいることを確認 git checkout main # 2. 最新のリモート情報を取得 git fetch origin # 3. add-search ブランチの内容を main にマージ git merge origin/add-search # 4. 依存関係のインストール npm install # 5. 開発サーバーを起動して検索ページが利用可能か確認 npm run dev # ブラウザで http://localhost:3000/search にアクセスして検索ページが表示されることを確認 💡 重要 検索ページ（/search）が正常に表示されることを確認してから次の問題に進んでください。もしページが表示されない場合は、マージが正常に完了していない可能性があります。&#xA;問題 検索ページに複数のバグが混入しており、ユーザーから以下の不具合報告が上がっています。 GitHub Copilot を活用してこれらのバグを効率的に特定・修正してください。&#xA;🚨 報告されている不具合 統計表示の異常: 高優先度のTodoがあるはずなのに、統計欄の「🔥 高優先度」が常に0件と表示される 検索機能の不具合: 検索ボックスに文字を入力しても検索結果が更新されない リセット機能の不完全動作: 「リセット」ボタンを押してもソート順がリセットされない 💡 学習のポイント この演習では、まず 1つのバグ（高優先度統計） を例に修正方法を習得します。修正完了後、同じアプローチを他のバグ（検索機能、リセット機能）にも応用していきます。&#xA;🎯 ゴール 以下の3つのバグをすべて修正し、検索ページが正常に動作することがゴールです：</description>
    </item>
  </channel>
</rss>
