<rss version="2.0" xmlns:atom="http://www.w3.org/2005/Atom"><channel><title>GitHub Copilot ハンズオン – Format</title><link>/tags/format/</link><description>Recent content in Format on GitHub Copilot ハンズオン</description><generator>Hugo -- gohugo.io</generator><language>ja</language><atom:link href="/tags/format/index.xml" rel="self" type="application/rss+xml"/><item><title>Docs: ① コード補完</title><link>/docs/step1/example-1/</link><pubDate>Mon, 01 Jan 0001 00:00:00 +0000</pubDate><guid>/docs/step1/example-1/</guid><description>
&lt;p>GitHub Copilot の最も基本的な使用法のひとつが&lt;strong>コード補完&lt;/strong>です。途中まで書いたコードに対して候補を提案してくれるため、最小限のタイプで実装が可能になります。ここでは &lt;strong>Java&lt;/strong> を使ったサンプルを示しながら、&lt;strong>複数候補の確認&lt;/strong>や&lt;strong>部分的な提案の受け入れ&lt;/strong>を含めて解説します。&lt;/p>
&lt;hr>
&lt;h2 id="pen-例題">&amp;#x1f58a;&amp;#xfe0f; 例題&lt;/h2>
&lt;ol>
&lt;li>
&lt;p>&lt;strong>Java クラスとメソッド&lt;/strong>&lt;br>
まず、メソッド本体をコメントだけにして止めてみます。&lt;/p>
&lt;div class="highlight">&lt;pre tabindex="0" style="background-color:#f8f8f8;-moz-tab-size:4;-o-tab-size:4;tab-size:4;">&lt;code class="language-java" data-lang="java">&lt;span style="display:flex;">&lt;span>&lt;span style="color:#204a87;font-weight:bold">public&lt;/span>&lt;span style="color:#f8f8f8;text-decoration:underline"> &lt;/span>&lt;span style="color:#204a87;font-weight:bold">class&lt;/span> &lt;span style="color:#000">CalculationExample&lt;/span>&lt;span style="color:#f8f8f8;text-decoration:underline"> &lt;/span>&lt;span style="color:#000;font-weight:bold">{&lt;/span>&lt;span style="color:#f8f8f8;text-decoration:underline">
&lt;/span>&lt;/span>&lt;/span>&lt;span style="display:flex;">&lt;span>&lt;span style="color:#f8f8f8;text-decoration:underline"> &lt;/span>&lt;span style="color:#204a87;font-weight:bold">public&lt;/span>&lt;span style="color:#f8f8f8;text-decoration:underline"> &lt;/span>&lt;span style="color:#204a87;font-weight:bold">static&lt;/span>&lt;span style="color:#f8f8f8;text-decoration:underline"> &lt;/span>&lt;span style="color:#204a87;font-weight:bold">int&lt;/span>&lt;span style="color:#f8f8f8;text-decoration:underline"> &lt;/span>&lt;span style="color:#000">calculateSum&lt;/span>&lt;span style="color:#000;font-weight:bold">(&lt;/span>&lt;span style="color:#204a87;font-weight:bold">int&lt;/span>&lt;span style="color:#f8f8f8;text-decoration:underline"> &lt;/span>&lt;span style="color:#000">a&lt;/span>&lt;span style="color:#000;font-weight:bold">,&lt;/span>&lt;span style="color:#f8f8f8;text-decoration:underline"> &lt;/span>&lt;span style="color:#204a87;font-weight:bold">int&lt;/span>&lt;span style="color:#f8f8f8;text-decoration:underline"> &lt;/span>&lt;span style="color:#000">b&lt;/span>&lt;span style="color:#000;font-weight:bold">)&lt;/span>&lt;span style="color:#f8f8f8;text-decoration:underline"> &lt;/span>&lt;span style="color:#000;font-weight:bold">{&lt;/span>&lt;span style="color:#f8f8f8;text-decoration:underline">
&lt;/span>&lt;/span>&lt;/span>&lt;span style="display:flex;">&lt;span>&lt;span style="color:#f8f8f8;text-decoration:underline"> &lt;/span>&lt;span style="color:#8f5902;font-style:italic">// ここで実装を中断&lt;/span>&lt;span style="color:#f8f8f8;text-decoration:underline">
&lt;/span>&lt;/span>&lt;/span>&lt;span style="display:flex;">&lt;span>&lt;span style="color:#f8f8f8;text-decoration:underline"> &lt;/span>&lt;span style="color:#000;font-weight:bold">}&lt;/span>&lt;span style="color:#f8f8f8;text-decoration:underline">
&lt;/span>&lt;/span>&lt;/span>&lt;span style="display:flex;">&lt;span>&lt;span style="color:#f8f8f8;text-decoration:underline">&lt;/span>&lt;span style="color:#000;font-weight:bold">}&lt;/span>&lt;span style="color:#f8f8f8;text-decoration:underline">
&lt;/span>&lt;/span>&lt;/span>&lt;/code>&lt;/pre>&lt;/div>&lt;p>これで入力を中断すると、Copilot が残りの実装を提案してくれるはずです。&lt;/p>
&lt;/li>
&lt;li>
&lt;p>&lt;strong>提案の受け入れ&lt;/strong>&lt;/p>
&lt;ul>
&lt;li>&lt;strong>Tabキー&lt;/strong> で提案を承認&lt;/li>
&lt;li>&lt;strong>Escキー&lt;/strong> で却下&lt;/li>
&lt;/ul>
&lt;/li>
&lt;/ol>
&lt;hr>
&lt;h2 id="robot-出力例">&amp;#x1f916; 出力例&lt;/h2>
&lt;div class="highlight">&lt;pre tabindex="0" style="background-color:#f8f8f8;-moz-tab-size:4;-o-tab-size:4;tab-size:4;">&lt;code class="language-java" data-lang="java">&lt;span style="display:flex;">&lt;span>&lt;span style="color:#204a87;font-weight:bold">public&lt;/span>&lt;span style="color:#f8f8f8;text-decoration:underline"> &lt;/span>&lt;span style="color:#204a87;font-weight:bold">class&lt;/span> &lt;span style="color:#000">CalculationExample&lt;/span>&lt;span style="color:#f8f8f8;text-decoration:underline"> &lt;/span>&lt;span style="color:#000;font-weight:bold">{&lt;/span>&lt;span style="color:#f8f8f8;text-decoration:underline">
&lt;/span>&lt;/span>&lt;/span>&lt;span style="display:flex;">&lt;span>&lt;span style="color:#f8f8f8;text-decoration:underline"> &lt;/span>&lt;span style="color:#204a87;font-weight:bold">public&lt;/span>&lt;span style="color:#f8f8f8;text-decoration:underline"> &lt;/span>&lt;span style="color:#204a87;font-weight:bold">static&lt;/span>&lt;span style="color:#f8f8f8;text-decoration:underline"> &lt;/span>&lt;span style="color:#204a87;font-weight:bold">int&lt;/span>&lt;span style="color:#f8f8f8;text-decoration:underline"> &lt;/span>&lt;span style="color:#000">calculateSum&lt;/span>&lt;span style="color:#000;font-weight:bold">(&lt;/span>&lt;span style="color:#204a87;font-weight:bold">int&lt;/span>&lt;span style="color:#f8f8f8;text-decoration:underline"> &lt;/span>&lt;span style="color:#000">a&lt;/span>&lt;span style="color:#000;font-weight:bold">,&lt;/span>&lt;span style="color:#f8f8f8;text-decoration:underline"> &lt;/span>&lt;span style="color:#204a87;font-weight:bold">int&lt;/span>&lt;span style="color:#f8f8f8;text-decoration:underline"> &lt;/span>&lt;span style="color:#000">b&lt;/span>&lt;span style="color:#000;font-weight:bold">)&lt;/span>&lt;span style="color:#f8f8f8;text-decoration:underline"> &lt;/span>&lt;span style="color:#000;font-weight:bold">{&lt;/span>&lt;span style="color:#f8f8f8;text-decoration:underline">
&lt;/span>&lt;/span>&lt;/span>&lt;span style="display:flex;">&lt;span>&lt;span style="color:#f8f8f8;text-decoration:underline"> &lt;/span>&lt;span style="color:#204a87;font-weight:bold">return&lt;/span>&lt;span style="color:#f8f8f8;text-decoration:underline"> &lt;/span>&lt;span style="color:#000">a&lt;/span>&lt;span style="color:#f8f8f8;text-decoration:underline"> &lt;/span>&lt;span style="color:#ce5c00;font-weight:bold">+&lt;/span>&lt;span style="color:#f8f8f8;text-decoration:underline"> &lt;/span>&lt;span style="color:#000">b&lt;/span>&lt;span style="color:#000;font-weight:bold">;&lt;/span>&lt;span style="color:#f8f8f8;text-decoration:underline">
&lt;/span>&lt;/span>&lt;/span>&lt;span style="display:flex;">&lt;span>&lt;span style="color:#f8f8f8;text-decoration:underline"> &lt;/span>&lt;span style="color:#000;font-weight:bold">}&lt;/span>&lt;span style="color:#f8f8f8;text-decoration:underline">
&lt;/span>&lt;/span>&lt;/span>&lt;span style="display:flex;">&lt;span>&lt;span style="color:#f8f8f8;text-decoration:underline">&lt;/span>&lt;span style="color:#000;font-weight:bold">}&lt;/span>&lt;span style="color:#f8f8f8;text-decoration:underline">
&lt;/span>&lt;/span>&lt;/span>&lt;/code>&lt;/pre>&lt;/div>&lt;p>&lt;img src="https://github.com/user-attachments/assets/7a1d1810-fc53-4e94-a789-0067efed9d58" alt="Image">&lt;/p>
&lt;hr>
&lt;h2 id="複数の候補を表示する">複数の候補を表示する&lt;/h2>
&lt;p>入力内容によっては、Copilot が&lt;strong>複数の候補&lt;/strong>を提示することがあります。&lt;/p>
&lt;ul>
&lt;li>Windows/Linux: &lt;strong>Alt + ]&lt;/strong> (次の候補)、&lt;strong>Alt + [&lt;/strong> (前の候補)&lt;/li>
&lt;li>macOS: &lt;strong>Option + ]&lt;/strong> (次の候補)、&lt;strong>Option + [&lt;/strong> (前の候補)&lt;/li>
&lt;/ul>
&lt;p>たとえば「int sum = a + b;」以外にも「int result = a + b;」など変数名の異なるパターンが候補に出ることがあります。好きな案を選んでTabキーで受け入れる、必要なければEscキーでスキップしましょう。&lt;/p>
&lt;hr>
&lt;h2 id="部分的な提案の受け入れ">部分的な提案の受け入れ&lt;/h2>
&lt;p>GitHub Copilot が複数行をまとめて提案した場合、「全部はいらないけど、一部だけ取り込みたい」ことがあります。そこで&lt;strong>部分的な受け入れ&lt;/strong>が可能です。&lt;/p>
&lt;ol>
&lt;li>
&lt;p>&lt;strong>次の単語だけ承諾&lt;/strong>&lt;/p>
&lt;ul>
&lt;li>マウスを候補上に置くと「Accept Word」というボタンが表示されます。&lt;/li>
&lt;li>Windows/Linuxでは &lt;strong>Ctrl + →&lt;/strong>、macOSでは &lt;strong>Cmd + →&lt;/strong> のショートカットも利用できます。&lt;/li>
&lt;/ul>
&lt;p>&lt;img src="https://github.com/user-attachments/assets/f0caf83c-d0e8-4543-99e4-ad9e772c9fe5" alt="Image">&lt;/p>
&lt;/li>
&lt;li>
&lt;p>&lt;strong>次の行だけ承諾&lt;/strong>&lt;/p>
&lt;ul>
&lt;li>マウスを候補上に置くと「Accept Line」というボタンが表示されます。&lt;/li>
&lt;li>&lt;code>editor.action.inlineSuggest.acceptNextLine&lt;/code> にカスタムキーを割り当てることで、この行だけを受け入れることが可能です。&lt;/li>
&lt;/ul>
&lt;p>&lt;img src="https://github.com/user-attachments/assets/f8c85e30-e66e-4b3c-8cdf-a02f70fd8ab7" alt="Image">&lt;/p>
&lt;/li>
&lt;/ol>
&lt;hr>
&lt;h2 id="memo-練習">&amp;#x1f4dd; 練習&lt;/h2>
&lt;ol>
&lt;li>
&lt;p>&lt;strong>複数候補を確かめる&lt;/strong>&lt;br>
Alt + ] / Alt + [ で前後の候補を比較し、好きなものを受け入れてみる。&lt;br>
変数名が微妙なら却下して次に進むなど、試行してみてください。&lt;/p>
&lt;/li>
&lt;li>
&lt;p>&lt;strong>部分的承諾&lt;/strong>&lt;br>
ログ出力や不要な初期化コードを含む提案が出た場合、一部だけを承諾・残りをスキップしてみましょう。&lt;/p>
&lt;/li>
&lt;li>
&lt;p>&lt;strong>候補の一括表示機能&lt;/strong>
&lt;code>Ctrl + Enter&lt;/code> をすると、複数候補が出ることを確認してみましょう。&lt;/p>
&lt;/li>
&lt;/ol>
&lt;hr>
&lt;h2 id="まとめ">まとめ&lt;/h2>
&lt;ul>
&lt;li>&lt;strong>途中までコードを書く&lt;/strong> → Copilot が残りを推測して補完&lt;/li>
&lt;li>&lt;strong>複数の候補&lt;/strong>があるときは、前後を切り替えてベストなものを選ぶ&lt;/li>
&lt;li>必要に応じて&lt;strong>部分的に承諾&lt;/strong>して不要行を飛ばせる&lt;/li>
&lt;/ul></description></item></channel></rss>