<?xml version="1.0" encoding="utf-8" standalone="yes"?>
<rss version="2.0" xmlns:atom="http://www.w3.org/2005/Atom">
  <channel>
    <title>業務利活用 on GitHub Copilot ハンズオン</title>
    <link>/categories/%E6%A5%AD%E5%8B%99%E5%88%A9%E6%B4%BB%E7%94%A8/</link>
    <description>Recent content in 業務利活用 on GitHub Copilot ハンズオン</description>
    <generator>Hugo -- gohugo.io</generator>
    <language>ja</language>
    <atom:link href="/categories/%E6%A5%AD%E5%8B%99%E5%88%A9%E6%B4%BB%E7%94%A8/index.xml" rel="self" type="application/rss+xml" />
    <item>
      <title>GitHub Copilot 高度機能の活用</title>
      <link>/docs/step1/</link>
      <pubDate>Mon, 01 Jan 0001 00:00:00 +0000</pubDate>
      <guid>/docs/step1/</guid>
      <description>GitHub Copilot の高度な機能（エージェントモード、ツール・ツールセット、カスタマイズ、コミュニティリソース）を活用して、効率的な開発ワークフローを構築する手法を学習します。</description>
    </item>
    <item>
      <title>実践的な開発フロー演習</title>
      <link>/docs/step2/</link>
      <pubDate>Mon, 01 Jan 0001 00:00:00 +0000</pubDate>
      <guid>/docs/step2/</guid>
      <description>実際のTodoアプリケーション（GHCP-TodoApp）を題材に、GitHub Copilotを活用した実践的な開発フローを体験します。プロジェクト理解→新機能設計→実装→テストという一連の開発工程を通じて、実務で活用できるスキルを身につけます。</description>
    </item>
    <item>
      <title>実践演習</title>
      <link>/docs/step3/</link>
      <pubDate>Mon, 01 Jan 0001 00:00:00 +0000</pubDate>
      <guid>/docs/step3/</guid>
      <description>Step1（GitHub Copilot高度機能）とStep2（実践的開発フロー）で学んだスキルを統合し、実際の開発現場で遭遇する課題を解決する演習を行います。エージェントモード、プロンプトファイル、#codebase等の高度機能を組み合わせて、難易度1〜5の段階的な問題に挑戦し、実務レベルの開発力を身につけます。</description>
    </item>
    <item>
      <title>⑥ Awesome Copilot コミュニティリソース</title>
      <link>/docs/step1/example-6/</link>
      <pubDate>Mon, 01 Jan 0001 00:00:00 +0000</pubDate>
      <guid>/docs/step1/example-6/</guid>
      <description>1. Awesome Copilot とは？ GitHub公式のawesome-copilotリポジトリは、コミュニティが貢献する100以上のカスタマイズリソースを集約したコレクションです。VS Code 1.102以降では、これらのリソースをリンクから直接インポートして即座に利用できます。&#xA;ポイント&#xA;コミュニティ貢献 … 実際の開発現場で使用されている実践的な設定 ワンクリックインポート … VS Codeリンクから瞬時に設定を導入 技術別カテゴリ … Angular、React、Python、Azure等の専門分野別 継続更新 … 新しい技術やベストプラクティスが随時追加 2. リソースの3つのカテゴリ 2.1 📋 カスタム指示（Custom Instructions）- 50以上 技術別開発ガイドライン&#xA;分野 指示名 説明 フロントエンド Next.js + Tailwind Development Instructions Next.js + Tailwindの開発標準と指示 フロントエンド ReactJS Development Instructions ReactJSの開発標準とベストプラクティス フロントエンド Angular Development Instructions Angular固有のコーディング標準とベストプラクティス フロントエンド VueJS 3 Development Instructions VueJS 3の開発標準とベストプラクティス（Composition API とTypeScript） バックエンド Spring Boot Development Spring Bootベースアプリケーション構築のガイドライン バックエンド ASP.NET REST API Development ASP.</description>
    </item>
  </channel>
</rss>
