<?xml version="1.0" encoding="utf-8" standalone="yes"?>
<rss version="2.0" xmlns:atom="http://www.w3.org/2005/Atom">
  <channel>
    <title>architecture on GitHub Copilot ハンズオン</title>
    <link>/tags/architecture/</link>
    <description>Recent content in architecture on GitHub Copilot ハンズオン</description>
    <generator>Hugo -- gohugo.io</generator>
    <language>ja</language>
    <atom:link href="/tags/architecture/index.xml" rel="self" type="application/rss+xml" />
    <item>
      <title>① プロジェクトの構造及びコード理解</title>
      <link>/docs/step2/example-1/</link>
      <pubDate>Mon, 01 Jan 0001 00:00:00 +0000</pubDate>
      <guid>/docs/step2/example-1/</guid>
      <description>新しいプロジェクトに参画したとき、既存のコードベースを効率的に理解することは重要です。GitHub Copilotを活用して、プロジェクトの全体像を素早く把握する手法を学びます。&#xA;1. &amp;#x1f58a;&amp;#xfe0f; 例題 - プロジェクト全体の把握 次のプロンプトをCopilot Chatに入力します。&#xA;#codebase このプロジェクトの概要を教えてください。以下の観点で分析してください： 1. プロジェクトの目的・機能 2. 技術スタック（フロントエンド・バックエンド・データベース） 3. フォルダ構造とその役割 4. 主要なファイルの説明 5. 開発・ビルド・実行手順 6. 依存関係の概要 &amp;#x1f916; 出力例 # GHCP-TodoApp プロジェクト分析レポート ## 1. プロジェクトの目的・機能 ### 目的 - GitHub CopilotとNext.jsを使って構築されたモダンなTodoアプリケーション - 開発者の学習用・デモンストレーション用として設計 - TypeScriptとTailwind CSSを活用したモダンなフロントエンド開発の実装例 ### 主要機能 - **基本Todo管理** - タスクの追加・編集・削除 - 完了/未完了の切り替え - リアルタイムでのローカルストレージ保存 - **削除確認モーダル** - 誤操作防止のための削除確認ダイアログ - ESCキー、バックドロップクリックでの閉じる機能 - アクセシビリティ対応（role, aria属性） - **高度な管理機能** - 3段階の優先度設定（Low/Medium/High） - ステータス管理（Todo/In-Progress/Done） - 作成日時の自動記録と表示 - **フィルタリング・表示機能** - すべて/アクティブ/完了済みのフィルタリング - 各カテゴリのタスク数表示（バッジ形式） - 一括削除機能（完了済みタスク） - **UI/UX** - ダークモード対応 - レスポンシブデザイン - 絵文字を活用したコメント可視化 ## 2.</description>
    </item>
  </channel>
</rss>
