<?xml version="1.0" encoding="utf-8" standalone="yes"?>
<rss version="2.0" xmlns:atom="http://www.w3.org/2005/Atom">
  <channel>
    <title>API設計 on GitHub Copilot ハンズオン</title>
    <link>/tags/api%E8%A8%AD%E8%A8%88/</link>
    <description>Recent content in API設計 on GitHub Copilot ハンズオン</description>
    <generator>Hugo -- gohugo.io</generator>
    <language>ja</language>
    <atom:link href="/tags/api%E8%A8%AD%E8%A8%88/index.xml" rel="self" type="application/rss+xml" />
    <item>
      <title>② 新規機能の設計</title>
      <link>/docs/step2/example-2/</link>
      <pubDate>Mon, 01 Jan 0001 00:00:00 +0000</pubDate>
      <guid>/docs/step2/example-2/</guid>
      <description>GitHub Copilotを活用して新規機能の設計を効率的に行う方法を学びます。要件定義から技術設計、実装計画まで、Copilotとの対話を通じて体系的にアプローチしていきます。&#xA;今回は「Todo削除確認モーダル機能」を例に、実際の開発現場で必要となる設計プロセスを実践します。&#xA;1. 要件定義フェーズ &amp;#x1f58a;&amp;#xfe0f; 例題 次のプロンプトを入力して、要件定義を進めます。&#xA;#codebase Todo削除確認モーダル機能を追加したいです。 基本的な機能要件と想定される利用シーンを教えてください。 出力は要件定義.mdに記載してください。 💡 Tips: デザイン画像やモックアップがある場合は、画像ファイルを添付して以下のように依頼すると、より具体的で実装しやすい仕様を作成できます：&#xA;画像の添付方法：&#xA;VS Codeのチャットビューに画像ファイルをドラッグ&amp;amp;ドロップ クリップボードから画像を直接コピー&amp;amp;ペースト 添付ボタン（📎）から画像ファイルを選択 ↓添付する画像&#xA;#codebase 添付したモーダルのデザイン画像を参考に、Todo削除確認モーダル機能を追加したいです。 デザインに沿った機能要件と技術仕様を教えてください。 出力は要件定義.mdに記載してください。 &amp;#x1f916; 出力例 ## Todo削除確認モーダル機能 要件定義 ### 基本機能 - **削除ボタンクリック時**: 確認モーダルを表示 - **モーダル内容**: Todoタイトル表示 + 「削除しますか？」メッセージ - **ユーザー選択**: 「削除する」または「キャンセル」ボタン - **削除実行**: モーダルを閉じてTodoを削除 ### 利用シーン - **誤操作防止**: 重要なTodoの意図しない削除を防ぐ - **確認プロセス**: 削除前にユーザーが内容を再確認できる - **安心感**: 取り消せない操作であることを明示 ### 期待効果 - 誤削除の大幅減少 - ユーザー体験の向上 - データ保護の強化 💡 補足: さらに詳細な要件定義には、レスポンシブ対応、アクセシビリティ要件、パフォーマンス基準、ユーザーストーリーなどの観点を含めるとより包括的な設計ができます。&#xA;2. 技術設計フェーズ &amp;#x1f58a;&amp;#xfe0f; 例題 要件が整理できたら、技術設計を進めます。</description>
    </item>
  </channel>
</rss>
