<?xml version="1.0" encoding="utf-8" standalone="yes"?>
<rss version="2.0" xmlns:atom="http://www.w3.org/2005/Atom">
  <channel>
    <title>GitHub Copilot 高度機能の活用 on GitHub Copilot ハンズオン</title>
    <link>/docs/step1/</link>
    <description>Recent content in GitHub Copilot 高度機能の活用 on GitHub Copilot ハンズオン</description>
    <generator>Hugo -- gohugo.io</generator>
    <language>ja</language>
    <atom:link href="/docs/step1/index.xml" rel="self" type="application/rss+xml" />
    <item>
      <title>① エージェントモード</title>
      <link>/docs/step1/example-1/</link>
      <pubDate>Mon, 01 Jan 0001 00:00:00 +0000</pubDate>
      <guid>/docs/step1/example-1/</guid>
      <description>1. エージェントモード とは？ 概要： GitHub Copilot の3つのモード（Ask、Edit、Agent）の中で最も強力なモードです。高レベルの指示を渡すと、Copilot が自律的に手順を計画し、適切なファイルを選択し、複数のステップにわたってタスクを完了まで実行します。&#xA;Agent モードの特徴：&#xA;自律的な実行: 単一の指示から複数のファイル編集を計画・実行 プロジェクト全体の理解: 関連ファイルを自動的に特定し、整合性を保つ 継続的な実行: 各ステップでの承認を待たずに目標達成まで実行 例えば、「Todo型のtextプロパティをtitleに変更してください」と指示すると、型定義だけでなく、関連するすべてのコンポーネントとテストファイルを自動で更新します。&#xA;2. Agent モードの動作特性 Agent モードは他のモード（Ask、Edit）とは大きく異なる特性を持っています。&#xA;flowchart LR A[&amp;#34;高レベルの指示&amp;lt;br/&amp;gt;（例：認証機能を追加）&amp;#34;] --&amp;gt;|自律的な計画立案| B[&amp;#34;必要なファイル・手順を特定&amp;#34;] B --&amp;gt;|自動実行| C[&amp;#34;複数ファイルの編集&amp;#34;] C --&amp;gt;|継続実行| D[&amp;#34;関連する追加変更&amp;#34;] D --&amp;gt;|完了まで継続| E[&amp;#34;タスク完了&amp;#34;] style A fill:#e1f5fe style E fill:#e8f5e8 Edit モードとの重要な違い：&#xA;スコープ: 指定範囲だけでなく、プロジェクト全体の整合性を考慮 実行方法: 各ステップでの承認を待たずに自動的に編集を適用 制御: 開発者が目標を定義し、Copilot が「ドライバー」として実行 注意点&#xA;Agent モードは制御を一部手放すことになります。時には予期しないファイルに触れたり、想定と異なる方向に進むことがあります。そのため、センシティブなシステムや的を絞った変更が必要な場合は、Edit モードの方が適している場合があります。ategories: [GitHub Copilot, エージェントモード]&#xA;3. 具体的な使用例 &amp;#x1f58a;&amp;#xfe0f; 例題 1 - 機能追加（作成日時表示） GHCP-TodoApp に作成日時表示機能を追加してみましょう。&#xA;Todoアイテムに作成日時を「〇分前」「〇時間前」形式で表示する機能を追加してください。既存のcreatedAtプロパティを活用し、日本語表示にしてください &amp;#x1f916; 出力例 1 Copilot が以下の処理を自動実行します：</description>
    </item>
    <item>
      <title>② ツール</title>
      <link>/docs/step1/example-2/</link>
      <pubDate>Mon, 01 Jan 0001 00:00:00 +0000</pubDate>
      <guid>/docs/step1/example-2/</guid>
      <description>1. ツールとは？ GitHub Copilot のチャットでは、#ツール名を使って便利な機能を呼び出すことができます。 これらは「ツール」と呼ばれ、コードに関する情報を簡単に取得したり、様々な作業を自動化したりできます。&#xA;身近な例で説明すると：&#xA;#selection → 今選択しているコードについて質問 #terminalSelection → ターミナルのエラーメッセージについて質問 #fetch → ウェブサイトの内容を取得して分析 ポイント&#xA;チャット変数の参照 … #-mention構文で関連コンテキストを効率的に参照 Agent mode での自動実行 … 自律的なコーディングワークフローで必要に応じてツールが実行される 拡張機能とMCPサーバー … 追加のツールを提供し、チャットプロンプトで利用可能 2. 利用可能なツール一覧ツール ツール 目的・説明 #changes Git 変更一覧を取得し、差分を参照に会話 #codebase ワークスペース全体をコード検索して関連箇所を抽出 #editFiles ファイルの新規作成・編集を行うツールセット #extensions VS Code 拡張機能を検索・質問 #fetch 指定 URL の HTML/JSON などを取得して内容を利用 #findTestFiles テストファイルを検索して一覧化 #githubRepo GitHub 上の公開リポジトリをコード検索 #new 新しい VS Code ワークスペースをスキャフォールド #openSimpleBrowser VS Code 内ブラウザでローカル Web アプリをプレビュー #problems Problems パネルのエラー・警告を取得 #readCellOutput Notebook のセル出力を読み取り #runCommands ターミナルコマンドを実行し出力を取得 #runNotebooks Notebook のセルを実行し出力を取得 #runTasks tasks.</description>
    </item>
    <item>
      <title>③ ツールセット</title>
      <link>/docs/step1/example-3/</link>
      <pubDate>Mon, 01 Jan 0001 00:00:00 +0000</pubDate>
      <guid>/docs/step1/example-3/</guid>
      <description>1. ツールセットとは？ ツールセットは、チャットで使用できる 関連するツールのコレクション です。複数のツールをひとまとめにして、特定の作業に最適化されたツールグループを作成できます。&#xA;ポイント&#xA;効率的なツール管理 … 関連するツールをグループ化して整理 チャットから直接参照 … 例：#myToolset このプロジェクトを分析して エージェントモードで選択可能 … ツールピッカーから任意のツールセットを選択 カスタムワークフロー … プロジェクトや作業内容に応じたツール構成 2. ツールセットファイルの構造 ツールセットは .toolsets.jsonc ファイルで定義します：&#xA;{ &amp;#34;ツールセット名&amp;#34;: { &amp;#34;tools&amp;#34;: [ &amp;#34;ツール1&amp;#34;, &amp;#34;ツール2&amp;#34;, &amp;#34;ツール3&amp;#34; ], &amp;#34;description&amp;#34;: &amp;#34;ツールセットの説明&amp;#34;, &amp;#34;icon&amp;#34;: &amp;#34;アイコン名&amp;#34; } } 2.1 各プロパティの説明 プロパティ 説明 例 tools 含めるツール名のリスト [&amp;quot;changes&amp;quot;, &amp;quot;codebase&amp;quot;, &amp;quot;problems&amp;quot;] description ツールセットの簡単な説明 &amp;quot;コードレビュー用ツールセット&amp;quot; icon ツールピッカーで表示するアイコン &amp;quot;search&amp;quot;, &amp;quot;debug&amp;quot;, &amp;quot;tools&amp;quot; など (アイコン集) 3. ツールセットの活用シーン シーン ツールセット例 含まれるツール コードレビュー reviewer #changes, #problems, #codebase, #usages デバッグ作業 debugger #problems, #runTests, #terminalSelection, #testFailure 新規開発 developer #new, #editFiles, #runTasks, #openSimpleBrowser 外部調査 researcher #fetch, #githubRepo, #extensions, #VSCodeAPI 4.</description>
    </item>
    <item>
      <title>④ Copilot のカスタマイズ</title>
      <link>/docs/step1/example-4/</link>
      <pubDate>Mon, 01 Jan 0001 00:00:00 +0000</pubDate>
      <guid>/docs/step1/example-4/</guid>
      <description>1. Copilot のカスタマイズ方法は？ VS Code の GitHub Copilot は、カスタム指示やプロンプトファイルを使用してAIの応答をプロジェクトの要件に合わせてカスタマイズできます。毎回同じコンテキストを入力する代わりに、ファイルに保存して自動的にすべてのチャットリクエストに含めることが可能です。&#xA;ポイント&#xA;カスタム指示 … コーディング規約や技術スタックに関する共通ガイドライン（どのように作業を行うか） プロンプトファイル … 特定タスク用の再利用可能なプロンプト（何を行うか） 自動適用 … ワークスペース全体またはファイル固有の自動適用 チーム共有 … バージョン管理でチーム全体の標準化 2. カスタマイズの種類と使い分け VS Code では以下の3つの方法でCopilotをカスタマイズできます：&#xA;種類 用途 ファイル形式 適用範囲 使い分けのポイント .github/copilot-instructions.md 全般的なコーディング規約 Markdown ワークスペース全体 • プロジェクト全体の基本ルール&#xA;• すべてのチャットに自動適用&#xA;• チーム共有が容易 .instructions.md タスク・技術固有の指示 Markdown globパターンで指定 • 特定ファイルタイプや領域の詳細ルール&#xA;• 条件付き自動適用&#xA;• 複数ファイルで分割管理 .prompt.md 再利用可能なプロンプト Markdown 手動実行 • 複雑なタスクの標準化&#xA;• 変数を使った柔軟な実行&#xA;• 頻繁に行う作業の効率化 使い分けの指針 📝 基本ルール → .github/copilot-instructions.md&#xA;プロジェクト全体で統一したいコーディング規約 技術スタックの指定（React, TypeScript等） 基本的なファイル構成やネーミング規則 🎯 専門領域 → .</description>
    </item>
    <item>
      <title>⑤ カスタムチャットモード</title>
      <link>/docs/step1/example-5/</link>
      <pubDate>Mon, 01 Jan 0001 00:00:00 +0000</pubDate>
      <guid>/docs/step1/example-5/</guid>
      <description>1. カスタムチャットモードとは？ カスタムチャットモードは、特定の作業に最適化された指示とツールの組み合わせを事前定義し、素早く切り替えられる機能です。例えば「計画立案モード」では実装プランの生成に特化し、読み取り専用ツールのみを使用するといった設定が可能です。&#xA;ポイント&#xA;専用設定 … 特定タスクに最適化されたツールと指示の組み合わせ 素早い切り替え … チャットモードドロップダウンから瞬時に変更 再利用可能 … ワークスペースまたはユーザープロファイルに保存 チーム共有 … .chatmode.md ファイルでチーム全体の標準化 2. 実際の使用例での違い 例：「ユーザー認証機能を追加したい」という要求&#xA;通常 + Copilot カスタマイゼーション:&#xA;// 自動的にコーディング規約が適用されたコードが生成 type AuthUser = { // interface ではなく type id: string; email: string; }; const LoginForm: React.FC = () =&amp;gt; { // 関数コンポーネント // styled-components を使用したスタイリング return &amp;lt;StyledForm&amp;gt;...&amp;lt;/StyledForm&amp;gt;; }; Plan カスタムチャットモード:&#xA;# ユーザー認証機能 実装計画 ## 概要 セキュアなユーザー認証システムを追加 ## 実装手順 1. 認証ミドルウェアの作成 2. ユーザーモデルの設計 3. ログイン・ログアウトエンドポイント # ※コードは生成されず、計画のみ 2.</description>
    </item>
    <item>
      <title>⑥ Awesome Copilot コミュニティリソース</title>
      <link>/docs/step1/example-6/</link>
      <pubDate>Mon, 01 Jan 0001 00:00:00 +0000</pubDate>
      <guid>/docs/step1/example-6/</guid>
      <description>1. Awesome Copilot とは？ GitHub公式のawesome-copilotリポジトリは、コミュニティが貢献する100以上のカスタマイズリソースを集約したコレクションです。VS Code 1.102以降では、これらのリソースをリンクから直接インポートして即座に利用できます。&#xA;ポイント&#xA;コミュニティ貢献 … 実際の開発現場で使用されている実践的な設定 ワンクリックインポート … VS Codeリンクから瞬時に設定を導入 技術別カテゴリ … Angular、React、Python、Azure等の専門分野別 継続更新 … 新しい技術やベストプラクティスが随時追加 2. リソースの3つのカテゴリ 2.1 📋 カスタム指示（Custom Instructions）- 50以上 技術別開発ガイドライン&#xA;分野 指示名 説明 フロントエンド Next.js + Tailwind Development Instructions Next.js + Tailwindの開発標準と指示 フロントエンド ReactJS Development Instructions ReactJSの開発標準とベストプラクティス フロントエンド Angular Development Instructions Angular固有のコーディング標準とベストプラクティス フロントエンド VueJS 3 Development Instructions VueJS 3の開発標準とベストプラクティス（Composition API とTypeScript） バックエンド Spring Boot Development Spring Bootベースアプリケーション構築のガイドライン バックエンド ASP.NET REST API Development ASP.</description>
    </item>
  </channel>
</rss>
