<?xml version="1.0" encoding="utf-8" standalone="yes"?>
<rss version="2.0" xmlns:atom="http://www.w3.org/2005/Atom">
  <channel>
    <title>事前準備 on GitHub Copilot ハンズオン</title>
    <link>/categories/%E4%BA%8B%E5%89%8D%E6%BA%96%E5%82%99/</link>
    <description>Recent content in 事前準備 on GitHub Copilot ハンズオン</description>
    <generator>Hugo -- gohugo.io</generator>
    <language>ja</language>
    <atom:link href="/categories/%E4%BA%8B%E5%89%8D%E6%BA%96%E5%82%99/index.xml" rel="self" type="application/rss+xml" />
    <item>
      <title>事前準備</title>
      <link>/docs/overview/</link>
      <pubDate>Mon, 01 Jan 0001 00:00:00 +0000</pubDate>
      <guid>/docs/overview/</guid>
      <description>本ハンズオンでは、VS Code と GitHub Copilot の拡張機能を使用して、カスタム指示、エージェントモードなどの応用的な機能を学習します。 実際のTodoアプリケーション（GHCP-TodoApp）をベースに、新機能の設計・実装・テストという実践的な開発フローを通じて、GitHub Copilotを効果的に活用する手法を身につけます。 VS Code の GitHub Copilot 拡張機能が利用できる環境が必要です。&#xA;前提条件 本ハンズオンを実施するために、以下の環境をご準備ください：&#xA;必要なソフトウェア VS Code: 最新版をインストールしてください 公式サイトからダウンロード・インストール GitHub Copilot ライセンス: 有効な GitHub Copilot ライセンス Node.js: バージョン 20.x.x 以上 公式サイトからLTS版をダウンロード・インストール インストール後、ターミナルで node --version を実行してバージョンを確認 パッケージマネージャー: pnpm（推奨）または npm pnpmの場合: npm install -g pnpm でインストール npmはNode.jsインストール時に自動的にインストールされます 動作確認 1. GHCP-TodoApp の立ち上げ確認 まず、サンプルアプリケーション（GHCP-TodoApp）をGitHubからクローンして正常に動作するか確認しましょう：&#xA;# 1. リポジトリのクローン git clone https://github.com/marumaru1019/GHCP-Handson-App.git # 2. プロジェクトディレクトリに移動 cd GHCP-Handson-App # 3. 依存関係のインストール pnpm install # または npm install # 4.</description>
    </item>
  </channel>
</rss>
