<?xml version="1.0" encoding="utf-8" standalone="yes"?>
<rss version="2.0" xmlns:atom="http://www.w3.org/2005/Atom">
  <channel>
    <title>事前準備 on GitHub Copilot ハンズオン</title>
    <link>/docs/overview/</link>
    <description>Recent content in 事前準備 on GitHub Copilot ハンズオン</description>
    <generator>Hugo -- gohugo.io</generator>
    <language>ja</language>
    <atom:link href="/docs/overview/index.xml" rel="self" type="application/rss+xml" />
  </channel>
</rss>
