<?xml version="1.0" encoding="utf-8" standalone="yes"?>
<rss version="2.0" xmlns:atom="http://www.w3.org/2005/Atom">
  <channel>
    <title>community on GitHub Copilot ハンズオン</title>
    <link>/tags/community/</link>
    <description>Recent content in community on GitHub Copilot ハンズオン</description>
    <generator>Hugo -- gohugo.io</generator>
    <language>ja</language>
    <atom:link href="/tags/community/index.xml" rel="self" type="application/rss+xml" />
    <item>
      <title>⑥ Awesome Copilot コミュニティリソース</title>
      <link>/docs/step1/example-6/</link>
      <pubDate>Mon, 01 Jan 0001 00:00:00 +0000</pubDate>
      <guid>/docs/step1/example-6/</guid>
      <description>1. Awesome Copilot とは？ GitHub公式のawesome-copilotリポジトリは、コミュニティが貢献する100以上のカスタマイズリソースを集約したコレクションです。VS Code 1.102以降では、これらのリソースをリンクから直接インポートして即座に利用できます。&#xA;ポイント&#xA;コミュニティ貢献 … 実際の開発現場で使用されている実践的な設定 ワンクリックインポート … VS Codeリンクから瞬時に設定を導入 技術別カテゴリ … Angular、React、Python、Azure等の専門分野別 継続更新 … 新しい技術やベストプラクティスが随時追加 2. リソースの3つのカテゴリ 2.1 📋 カスタム指示（Custom Instructions）- 50以上 技術別開発ガイドライン&#xA;分野 指示名 説明 フロントエンド Next.js + Tailwind Development Instructions Next.js + Tailwindの開発標準と指示 フロントエンド ReactJS Development Instructions ReactJSの開発標準とベストプラクティス フロントエンド Angular Development Instructions Angular固有のコーディング標準とベストプラクティス フロントエンド VueJS 3 Development Instructions VueJS 3の開発標準とベストプラクティス（Composition API とTypeScript） バックエンド Spring Boot Development Spring Bootベースアプリケーション構築のガイドライン バックエンド ASP.NET REST API Development ASP.</description>
    </item>
  </channel>
</rss>
