<?xml version="1.0" encoding="utf-8" standalone="yes"?>
<rss version="2.0" xmlns:atom="http://www.w3.org/2005/Atom">
  <channel>
    <title>Tags on GitHub Copilot ハンズオン</title>
    <link>/tags/</link>
    <description>Recent content in Tags on GitHub Copilot ハンズオン</description>
    <generator>Hugo -- gohugo.io</generator>
    <language>ja</language>
    <atom:link href="/tags/index.xml" rel="self" type="application/rss+xml" />
    <item>
      <title>API設計</title>
      <link>/tags/api%E8%A8%AD%E8%A8%88/</link>
      <pubDate>Mon, 01 Jan 0001 00:00:00 +0000</pubDate>
      <guid>/tags/api%E8%A8%AD%E8%A8%88/</guid>
      <description></description>
    </item>
    <item>
      <title>architecture</title>
      <link>/tags/architecture/</link>
      <pubDate>Mon, 01 Jan 0001 00:00:00 +0000</pubDate>
      <guid>/tags/architecture/</guid>
      <description></description>
    </item>
    <item>
      <title>awesome-copilot</title>
      <link>/tags/awesome-copilot/</link>
      <pubDate>Mon, 01 Jan 0001 00:00:00 +0000</pubDate>
      <guid>/tags/awesome-copilot/</guid>
      <description></description>
    </item>
    <item>
      <title>bugfix</title>
      <link>/tags/bugfix/</link>
      <pubDate>Mon, 01 Jan 0001 00:00:00 +0000</pubDate>
      <guid>/tags/bugfix/</guid>
      <description></description>
    </item>
    <item>
      <title>code-analysis</title>
      <link>/tags/code-analysis/</link>
      <pubDate>Mon, 01 Jan 0001 00:00:00 +0000</pubDate>
      <guid>/tags/code-analysis/</guid>
      <description></description>
    </item>
    <item>
      <title>community</title>
      <link>/tags/community/</link>
      <pubDate>Mon, 01 Jan 0001 00:00:00 +0000</pubDate>
      <guid>/tags/community/</guid>
      <description></description>
    </item>
    <item>
      <title>coverage</title>
      <link>/tags/coverage/</link>
      <pubDate>Mon, 01 Jan 0001 00:00:00 +0000</pubDate>
      <guid>/tags/coverage/</guid>
      <description></description>
    </item>
    <item>
      <title>css</title>
      <link>/tags/css/</link>
      <pubDate>Mon, 01 Jan 0001 00:00:00 +0000</pubDate>
      <guid>/tags/css/</guid>
      <description></description>
    </item>
    <item>
      <title>dark-mode</title>
      <link>/tags/dark-mode/</link>
      <pubDate>Mon, 01 Jan 0001 00:00:00 +0000</pubDate>
      <guid>/tags/dark-mode/</guid>
      <description></description>
    </item>
    <item>
      <title>debug</title>
      <link>/tags/debug/</link>
      <pubDate>Mon, 01 Jan 0001 00:00:00 +0000</pubDate>
      <guid>/tags/debug/</guid>
      <description></description>
    </item>
    <item>
      <title>github-copilot</title>
      <link>/tags/github-copilot/</link>
      <pubDate>Mon, 01 Jan 0001 00:00:00 +0000</pubDate>
      <guid>/tags/github-copilot/</guid>
      <description></description>
    </item>
    <item>
      <title>jest</title>
      <link>/tags/jest/</link>
      <pubDate>Mon, 01 Jan 0001 00:00:00 +0000</pubDate>
      <guid>/tags/jest/</guid>
      <description></description>
    </item>
    <item>
      <title>quality</title>
      <link>/tags/quality/</link>
      <pubDate>Mon, 01 Jan 0001 00:00:00 +0000</pubDate>
      <guid>/tags/quality/</guid>
      <description></description>
    </item>
    <item>
      <title>react</title>
      <link>/tags/react/</link>
      <pubDate>Mon, 01 Jan 0001 00:00:00 +0000</pubDate>
      <guid>/tags/react/</guid>
      <description></description>
    </item>
    <item>
      <title>search</title>
      <link>/tags/search/</link>
      <pubDate>Mon, 01 Jan 0001 00:00:00 +0000</pubDate>
      <guid>/tags/search/</guid>
      <description></description>
    </item>
    <item>
      <title>test</title>
      <link>/tags/test/</link>
      <pubDate>Mon, 01 Jan 0001 00:00:00 +0000</pubDate>
      <guid>/tags/test/</guid>
      <description></description>
    </item>
    <item>
      <title>testing-library</title>
      <link>/tags/testing-library/</link>
      <pubDate>Mon, 01 Jan 0001 00:00:00 +0000</pubDate>
      <guid>/tags/testing-library/</guid>
      <description></description>
    </item>
    <item>
      <title>theme</title>
      <link>/tags/theme/</link>
      <pubDate>Mon, 01 Jan 0001 00:00:00 +0000</pubDate>
      <guid>/tags/theme/</guid>
      <description></description>
    </item>
    <item>
      <title>workspace</title>
      <link>/tags/workspace/</link>
      <pubDate>Mon, 01 Jan 0001 00:00:00 +0000</pubDate>
      <guid>/tags/workspace/</guid>
      <description></description>
    </item>
    <item>
      <title>アーキテクチャ</title>
      <link>/tags/%E3%82%A2%E3%83%BC%E3%82%AD%E3%83%86%E3%82%AF%E3%83%81%E3%83%A3/</link>
      <pubDate>Mon, 01 Jan 0001 00:00:00 +0000</pubDate>
      <guid>/tags/%E3%82%A2%E3%83%BC%E3%82%AD%E3%83%86%E3%82%AF%E3%83%81%E3%83%A3/</guid>
      <description></description>
    </item>
    <item>
      <title>コーディング</title>
      <link>/tags/%E3%82%B3%E3%83%BC%E3%83%87%E3%82%A3%E3%83%B3%E3%82%B0/</link>
      <pubDate>Mon, 01 Jan 0001 00:00:00 +0000</pubDate>
      <guid>/tags/%E3%82%B3%E3%83%BC%E3%83%87%E3%82%A3%E3%83%B3%E3%82%B0/</guid>
      <description></description>
    </item>
    <item>
      <title>リソース</title>
      <link>/tags/%E3%83%AA%E3%82%BD%E3%83%BC%E3%82%B9/</link>
      <pubDate>Mon, 01 Jan 0001 00:00:00 +0000</pubDate>
      <guid>/tags/%E3%83%AA%E3%82%BD%E3%83%BC%E3%82%B9/</guid>
      <description></description>
    </item>
    <item>
      <title>リファクタリング</title>
      <link>/tags/%E3%83%AA%E3%83%95%E3%82%A1%E3%82%AF%E3%82%BF%E3%83%AA%E3%83%B3%E3%82%B0/</link>
      <pubDate>Mon, 01 Jan 0001 00:00:00 +0000</pubDate>
      <guid>/tags/%E3%83%AA%E3%83%95%E3%82%A1%E3%82%AF%E3%82%BF%E3%83%AA%E3%83%B3%E3%82%B0/</guid>
      <description></description>
    </item>
    <item>
      <title>最適化</title>
      <link>/tags/%E6%9C%80%E9%81%A9%E5%8C%96/</link>
      <pubDate>Mon, 01 Jan 0001 00:00:00 +0000</pubDate>
      <guid>/tags/%E6%9C%80%E9%81%A9%E5%8C%96/</guid>
      <description></description>
    </item>
    <item>
      <title>実装</title>
      <link>/tags/%E5%AE%9F%E8%A3%85/</link>
      <pubDate>Mon, 01 Jan 0001 00:00:00 +0000</pubDate>
      <guid>/tags/%E5%AE%9F%E8%A3%85/</guid>
      <description></description>
    </item>
    <item>
      <title>設計</title>
      <link>/tags/%E8%A8%AD%E8%A8%88/</link>
      <pubDate>Mon, 01 Jan 0001 00:00:00 +0000</pubDate>
      <guid>/tags/%E8%A8%AD%E8%A8%88/</guid>
      <description></description>
    </item>
    <item>
      <title>要件定義</title>
      <link>/tags/%E8%A6%81%E4%BB%B6%E5%AE%9A%E7%BE%A9/</link>
      <pubDate>Mon, 01 Jan 0001 00:00:00 +0000</pubDate>
      <guid>/tags/%E8%A6%81%E4%BB%B6%E5%AE%9A%E7%BE%A9/</guid>
      <description></description>
    </item>
  </channel>
</rss>
