<?xml version="1.0" encoding="utf-8" standalone="yes"?>
<rss version="2.0" xmlns:atom="http://www.w3.org/2005/Atom">
  <channel>
    <title>css on GitHub Copilot ハンズオン</title>
    <link>/tags/css/</link>
    <description>Recent content in css on GitHub Copilot ハンズオン</description>
    <generator>Hugo -- gohugo.io</generator>
    <language>ja</language>
    <atom:link href="/tags/css/index.xml" rel="self" type="application/rss+xml" />
    <item>
      <title>問題2: ダークモード機能の実装</title>
      <link>/docs/step3/example-2/</link>
      <pubDate>Mon, 01 Jan 0001 00:00:00 +0000</pubDate>
      <guid>/docs/step3/example-2/</guid>
      <description>問題 GitHub Copilotと協力して、GHCP-TodoAppにダークモード切り替え機能を0から実装してください。設計から実装、テストまでの一連の開発プロセスを体験します。&#xA;📝 実装要件 以下の要件を満たすダークモード機能を実装してください：&#xA;UI/UX要件 切り替えボタン: TodoApp画面の右上端（カンバン表示ボタンの隣）に配置 ボタンデザイン: 丸いボタン アイコン表示: ライトモード時🌙、ダークモード時☀️ ホバー効果: ボタンにマウスを乗せると薄く光る 応答性: クリック時の即座なテーマ変更 キーボード操作: EnterキーとSpaceキーで切り替え可能 デザイン要件 ライトモード: 全体の背景色 bg-white ダークモード: 全体の背景色 bg-gray-900 読みやすさ: 各モードで十分なコントラストを確保 一貫性: 既存のデザインシステムとの調和 技術要件 Tailwind CSS: dark:プレフィックスを使用 TypeScript: 型安全な実装 テスト: コンポーネントとカスタムフックのテスト実装 🎯 ゴール 以下の機能を完全に実装することがゴールです：&#xA;動作する機能&#xA;右上の🌙/☀️ボタンでライト/ダークモードを切り替えられる ボタンクリックで即座に画面全体のテーマが変わる 現在のモードに応じてアイコンが正しく表示される（ライト時🌙、ダーク時☀️） Enter と Space キーでダークモードの切り替えができる デザイン品質&#xA;ライトモード：白背景（bg-white）で黒文字、読みやすい表示 ダークモード：黒背景（bg-gray-900）で白文字、目に優しい表示 ボタンのホバー効果が動作する 既存のTodoアプリデザインと調和している 技術品質&#xA;useThemeカスタムフックで状態管理が実装されている TypeScriptで型安全にコードが書かれている コンポーネントとフックのテストが実装され、すべて通過する Tailwindのdark:プレフィックスを活用している ✅ ゴールの確認方法 以下の手順をすべてクリアできればゴール達成です：&#xA;1. 機能動作テスト 手順1: 基本動作確認&#xA;npm run dev → ブラウザでアプリケーションを開き、以下を確認：</description>
    </item>
  </channel>
</rss>
