<?xml version="1.0" encoding="utf-8" standalone="yes"?>
<rss version="2.0" xmlns:atom="http://www.w3.org/2005/Atom">
  <channel>
    <title>jest on GitHub Copilot ハンズオン</title>
    <link>/tags/jest/</link>
    <description>Recent content in jest on GitHub Copilot ハンズオン</description>
    <generator>Hugo -- gohugo.io</generator>
    <language>ja</language>
    <atom:link href="/tags/jest/index.xml" rel="self" type="application/rss+xml" />
    <item>
      <title>問題1: テストカバレッジの向上</title>
      <link>/docs/step3/example-1/</link>
      <pubDate>Mon, 01 Jan 0001 00:00:00 +0000</pubDate>
      <guid>/docs/step3/example-1/</guid>
      <description>問題 テスト実装で学んだ技法を活用して、GHCP-TodoAppプロジェクトのテストカバレッジを向上させてください。&#xA;🎯 ゴール テストカバレッジを以下の基準まで向上させること：&#xA;行カバレッジ（Lines）: 90%以上 関数カバレッジ（Functions）: 85%以上 分岐カバレッジ（Branches）: 80%以上 文カバレッジ（Statements）: 90%以上 💡 カバレッジの種類について&#xA;行カバレッジ（Lines）: 実行されたコードの行数の割合。コードの物理的な行がテストで実行されているかを測定 関数カバレッジ（Functions）: 呼び出された関数やメソッドの割合。定義されている関数のうち、テストで実際に呼び出されているものの比率 分岐カバレッジ（Branches）: if文やswitch文などの条件分岐で、すべての分岐パターンがテストされているかの割合 文カバレッジ（Statements）: 実行された文（ステートメント）の割合。セミコロンで区切られる個々の実行単位の実行率 ✅ ゴールの確認方法 以下のコマンドを実行して、すべてのカバレッジ基準をクリアできればゴール達成です：&#xA;npm test -- --coverage --coverageThreshold=&amp;#39;{&amp;#34;global&amp;#34;:{&amp;#34;branches&amp;#34;:80,&amp;#34;functions&amp;#34;:85,&amp;#34;lines&amp;#34;:90,&amp;#34;statements&amp;#34;:90}}&amp;#39; 成功の判定基準：&#xA;テストが正常終了（失敗例のような表示がされない） coverage/lcov-report/index.html を確認して、以下の数値を達成 行カバレッジ（Lines）: 90%以上 関数カバレッジ（Functions）: 85%以上 分岐カバレッジ（Branches）: 80%以上 文カバレッジ（Statements）: 90%以上 失敗例：&#xA;Jest: &amp;#34;global&amp;#34; coverage threshold for branches (80%) not met: 77.86% このようなメッセージが表示された場合は、該当項目のカバレッジが不足しています。&#xA;失敗の際は、下記のようにカバレッジレポートの下にカバレッジ不足のメッセージが表示されます：&#xA;-------------------------|---------|----------|---------|---------|------------------------------ File | % Stmts | % Branch | % Funcs | % Lines | Uncovered Line #s -------------------------|---------|----------|---------|---------|------------------------------ All files | 92.</description>
    </item>
    <item>
      <title>④ テスト実装</title>
      <link>/docs/step2/example-4/</link>
      <pubDate>Mon, 01 Jan 0001 00:00:00 +0000</pubDate>
      <guid>/docs/step2/example-4/</guid>
      <description>GitHub Copilotを活用して効率的にテストコードを実装し、コード品質を向上させる手法を学びます。これまでのシナリオで理解したプロジェクト構造・設計した機能・実装したコードに対する包括的なテスト戦略を構築します。&#xA;1. 事前準備 使用するテストライブラリの概要 本シナリオでは以下のテストライブラリを組み合わせて使用します：&#xA;📚 テストライブラリの役割分担&#xA;基盤ライブラリ：&#xA;Jest … テスト実行エンジン（テストの実行・結果判定・モック機能） React専用ライブラリ：&#xA;React Testing Library … Reactコンポーネントをレンダリング・検索 @testing-library/user-event … リアルなユーザー操作をシミュレート @testing-library/jest-dom … DOM要素用の便利な検証機能を追加 💡 連携の仕組み： Jest がテスト全体を管理し、React Testing Library でコンポーネントを描画、user-event でユーザー操作を再現、jest-dom で結果を検証する流れになります。&#xA;テスト雛形生成用プロンプトファイルの作成 効率的なテスト実装のために、まずテスト雛形生成用のプロンプトファイルを作成します。&#xA;.github/prompts/generate-test.prompt.md&#xA;--- mode: agent description: &amp;#34;Reactコンポーネントテスト雛形生成&amp;#34; --- # Reactコンポーネントテスト雛形生成 ${input:componentName:コンポーネント名} のテストファイルを生成してください。 ## 生成要件 - React Testing Library使用 - TypeScript対応 - describe/it構造で整理 - モックとスパイの適切な活用 ## 基本テストケース ### 正常系テスト - コンポーネントの正常なレンダリング - Propsによる表示内容の変化 - ユーザーインタラクションの正常動作 - 状態変更の正常フロー ### 異常系テスト - 無効なPropsでのエラーハンドリング - ネットワークエラー時の挙動 - 予期しない状態での動作確認 - エッジケースでの安全性 ### アクセシビリティテスト - ARIA属性の適切な設定 - キーボードナビゲーション - フォーカス管理 - スクリーンリーダー対応 ## ファイル配置 - テストファイル: src/components/__tests__/${componentName}.</description>
    </item>
  </channel>
</rss>
