<?xml version="1.0" encoding="utf-8" standalone="yes"?>
<rss version="2.0" xmlns:atom="http://www.w3.org/2005/Atom">
  <channel>
    <title>技術者向け on GitHub Copilot ハンズオン</title>
    <link>/categories/%E6%8A%80%E8%A1%93%E8%80%85%E5%90%91%E3%81%91/</link>
    <description>Recent content in 技術者向け on GitHub Copilot ハンズオン</description>
    <generator>Hugo -- gohugo.io</generator>
    <language>ja</language>
    <atom:link href="/categories/%E6%8A%80%E8%A1%93%E8%80%85%E5%90%91%E3%81%91/index.xml" rel="self" type="application/rss+xml" />
    <item>
      <title>② 新規機能の設計</title>
      <link>/docs/step2/example-2/</link>
      <pubDate>Mon, 01 Jan 0001 00:00:00 +0000</pubDate>
      <guid>/docs/step2/example-2/</guid>
      <description>GitHub Copilotを活用して新規機能の設計を効率的に行う方法を学びます。要件定義から技術設計、実装計画まで、Copilotとの対話を通じて体系的にアプローチしていきます。&#xA;今回は「Todo削除確認モーダル機能」を例に、実際の開発現場で必要となる設計プロセスを実践します。&#xA;1. 要件定義フェーズ &amp;#x1f58a;&amp;#xfe0f; 例題 次のプロンプトを入力して、要件定義を進めます。&#xA;#codebase Todo削除確認モーダル機能を追加したいです。 基本的な機能要件と想定される利用シーンを教えてください。 出力は要件定義.mdに記載してください。 💡 Tips: デザイン画像やモックアップがある場合は、画像ファイルを添付して以下のように依頼すると、より具体的で実装しやすい仕様を作成できます：&#xA;画像の添付方法：&#xA;VS Codeのチャットビューに画像ファイルをドラッグ&amp;amp;ドロップ クリップボードから画像を直接コピー&amp;amp;ペースト 添付ボタン（📎）から画像ファイルを選択 ↓添付する画像&#xA;#codebase 添付したモーダルのデザイン画像を参考に、Todo削除確認モーダル機能を追加したいです。 デザインに沿った機能要件と技術仕様を教えてください。 出力は要件定義.mdに記載してください。 &amp;#x1f916; 出力例 ## Todo削除確認モーダル機能 要件定義 ### 基本機能 - **削除ボタンクリック時**: 確認モーダルを表示 - **モーダル内容**: Todoタイトル表示 + 「削除しますか？」メッセージ - **ユーザー選択**: 「削除する」または「キャンセル」ボタン - **削除実行**: モーダルを閉じてTodoを削除 ### 利用シーン - **誤操作防止**: 重要なTodoの意図しない削除を防ぐ - **確認プロセス**: 削除前にユーザーが内容を再確認できる - **安心感**: 取り消せない操作であることを明示 ### 期待効果 - 誤削除の大幅減少 - ユーザー体験の向上 - データ保護の強化 💡 補足: さらに詳細な要件定義には、レスポンシブ対応、アクセシビリティ要件、パフォーマンス基準、ユーザーストーリーなどの観点を含めるとより包括的な設計ができます。&#xA;2. 技術設計フェーズ &amp;#x1f58a;&amp;#xfe0f; 例題 要件が整理できたら、技術設計を進めます。</description>
    </item>
    <item>
      <title>GitHub Copilot 高度機能の活用</title>
      <link>/docs/step1/</link>
      <pubDate>Mon, 01 Jan 0001 00:00:00 +0000</pubDate>
      <guid>/docs/step1/</guid>
      <description>GitHub Copilot の高度な機能（エージェントモード、ツール・ツールセット、カスタマイズ、コミュニティリソース）を活用して、効率的な開発ワークフローを構築する手法を学習します。</description>
    </item>
    <item>
      <title>③ 機能実装</title>
      <link>/docs/step2/example-3/</link>
      <pubDate>Mon, 01 Jan 0001 00:00:00 +0000</pubDate>
      <guid>/docs/step2/example-3/</guid>
      <description>GitHub Copilotを活用した効率的な機能実装とコード品質向上の実践方法を学びます。新機能の実装からリファクタリング、パフォーマンス最適化まで、Copilotとのペアプログラミングで開発効率を大幅に向上させます。&#xA;今回は「Todo削除確認モーダル機能」を例に、実際のコーディングプロセスを実践します。&#xA;1. 事前準備 &amp;#x1f58a;&amp;#xfe0f; 例題 実装開始前に、設計フェーズで作成したドキュメントをコンテキストとして読み込みます。&#xA;instructionsファイルの準備 実装前に、TypeScript/Reactファイル専用のinstructionsファイルを作成します。&#xA;.github/instructions/typescript-react.instructions.md&#xA;--- applyTo: &amp;#34;**/*.tsx,**/*.ts&amp;#34; description: &amp;#34;React TypeScript実装指針&amp;#34; --- # React TypeScript 実装ガイドライン ## コンポーネント設計 - 関数コンポーネントを使用し、React.FCを明示 - Props インターフェースは同ファイル内で定義 - useState, useCallback, useMemoを適切に活用 ## 型定義 - strictモードに準拠した厳密な型定義 - any型の使用禁止 - オプショナルプロパティの適切な使用 ## スタイリング - Tailwind CSSクラスを使用 - 条件付きスタイリングはclsx/classnames活用 - レスポンシブ対応の考慮 ## パフォーマンス - React.memoでコンポーネントをメモ化 - useCallbackでイベントハンドラーをメモ化 - 不要な再レンダリングを防止 ## アクセシビリティ - 適切なARIA属性の付与 - キーボード操作対応 - フォーカス管理の実装 💡 補足: instructionsファイルにより、実装中に毎回同じ指示を与える必要がなくなり、一貫性のある高品質なコードが自動的に生成されます。&#xA;💡 awesome-copilotの活用: 一から作成する代わりに、awesome-copilotのReactJS Development Instructionsをベースにして、プロジェクト固有の要件を追加するとより効率的です。コミュニティで実績のあるベストプラクティスを土台にできます。</description>
    </item>
    <item>
      <title>実践的な開発フロー演習</title>
      <link>/docs/step2/</link>
      <pubDate>Mon, 01 Jan 0001 00:00:00 +0000</pubDate>
      <guid>/docs/step2/</guid>
      <description>実際のTodoアプリケーション（GHCP-TodoApp）を題材に、GitHub Copilotを活用した実践的な開発フローを体験します。プロジェクト理解→新機能設計→実装→テストという一連の開発工程を通じて、実務で活用できるスキルを身につけます。</description>
    </item>
    <item>
      <title>④ テスト実装</title>
      <link>/docs/step2/example-4/</link>
      <pubDate>Mon, 01 Jan 0001 00:00:00 +0000</pubDate>
      <guid>/docs/step2/example-4/</guid>
      <description>GitHub Copilotを活用して効率的にテストコードを実装し、コード品質を向上させる手法を学びます。これまでのシナリオで理解したプロジェクト構造・設計した機能・実装したコードに対する包括的なテスト戦略を構築します。&#xA;1. 事前準備 使用するテストライブラリの概要 本シナリオでは以下のテストライブラリを組み合わせて使用します：&#xA;📚 テストライブラリの役割分担&#xA;基盤ライブラリ：&#xA;Jest … テスト実行エンジン（テストの実行・結果判定・モック機能） React専用ライブラリ：&#xA;React Testing Library … Reactコンポーネントをレンダリング・検索 @testing-library/user-event … リアルなユーザー操作をシミュレート @testing-library/jest-dom … DOM要素用の便利な検証機能を追加 💡 連携の仕組み： Jest がテスト全体を管理し、React Testing Library でコンポーネントを描画、user-event でユーザー操作を再現、jest-dom で結果を検証する流れになります。&#xA;テスト雛形生成用プロンプトファイルの作成 効率的なテスト実装のために、まずテスト雛形生成用のプロンプトファイルを作成します。&#xA;.github/prompts/generate-test.prompt.md&#xA;--- mode: agent description: &amp;#34;Reactコンポーネントテスト雛形生成&amp;#34; --- # Reactコンポーネントテスト雛形生成 ${input:componentName:コンポーネント名} のテストファイルを生成してください。 ## 生成要件 - React Testing Library使用 - TypeScript対応 - describe/it構造で整理 - モックとスパイの適切な活用 ## 基本テストケース ### 正常系テスト - コンポーネントの正常なレンダリング - Propsによる表示内容の変化 - ユーザーインタラクションの正常動作 - 状態変更の正常フロー ### 異常系テスト - 無効なPropsでのエラーハンドリング - ネットワークエラー時の挙動 - 予期しない状態での動作確認 - エッジケースでの安全性 ### アクセシビリティテスト - ARIA属性の適切な設定 - キーボードナビゲーション - フォーカス管理 - スクリーンリーダー対応 ## ファイル配置 - テストファイル: src/components/__tests__/${componentName}.</description>
    </item>
    <item>
      <title>実践演習</title>
      <link>/docs/step3/</link>
      <pubDate>Mon, 01 Jan 0001 00:00:00 +0000</pubDate>
      <guid>/docs/step3/</guid>
      <description>Step1（GitHub Copilot高度機能）とStep2（実践的開発フロー）で学んだスキルを統合し、実際の開発現場で遭遇する課題を解決する演習を行います。エージェントモード、プロンプトファイル、#codebase等の高度機能を組み合わせて、難易度1〜5の段階的な問題に挑戦し、実務レベルの開発力を身につけます。</description>
    </item>
  </channel>
</rss>
