<rss version="2.0" xmlns:atom="http://www.w3.org/2005/Atom"><channel><title>GitHub Copilot ハンズオン – トラブルシュート</title><link>/categories/%E3%83%88%E3%83%A9%E3%83%96%E3%83%AB%E3%82%B7%E3%83%A5%E3%83%BC%E3%83%88/</link><description>Recent content in トラブルシュート on GitHub Copilot ハンズオン</description><generator>Hugo -- gohugo.io</generator><language>ja</language><atom:link href="/categories/%E3%83%88%E3%83%A9%E3%83%96%E3%83%AB%E3%82%B7%E3%83%A5%E3%83%BC%E3%83%88/index.xml" rel="self" type="application/rss+xml"/><item><title>Docs: ⑧ エラーログからエラーを解消する</title><link>/docs/step3/example-8/</link><pubDate>Mon, 01 Jan 0001 00:00:00 +0000</pubDate><guid>/docs/step3/example-8/</guid><description>
&lt;h2 id="導入部">導入部&lt;/h2>
&lt;p>本記事では、シンプルな計算処理を行うJavaクラスを例に、割り算で発生する &lt;strong>ArithmeticException&lt;/strong> の原因をターミナルログを &lt;strong>#terminalSelection&lt;/strong> でCopilotに渡し、エラー修正案を自動生成する手法を解説します。直感的な例として、ゼロ除算によるエラーの発生とその対処方法を学びます。&lt;/p>
&lt;hr>
&lt;h3 id="pen-例題">&amp;#x1f58a;&amp;#xfe0f; 例題&lt;/h3>
&lt;h4 id="エラーのあるjavaコード例">エラーのあるJavaコード例&lt;/h4>
&lt;p>以下のコードは、二つの整数を割り算する際に、分母がゼロの場合に &lt;strong>ArithmeticException&lt;/strong> を引き起こします。&lt;/p>
&lt;div class="highlight">&lt;pre tabindex="0" style="background-color:#f8f8f8;-moz-tab-size:4;-o-tab-size:4;tab-size:4;">&lt;code class="language-java" data-lang="java">&lt;span style="display:flex;">&lt;span>&lt;span style="color:#204a87;font-weight:bold">public&lt;/span>&lt;span style="color:#f8f8f8;text-decoration:underline"> &lt;/span>&lt;span style="color:#204a87;font-weight:bold">class&lt;/span> &lt;span style="color:#000">SimpleCalculator&lt;/span>&lt;span style="color:#f8f8f8;text-decoration:underline"> &lt;/span>&lt;span style="color:#000;font-weight:bold">{&lt;/span>&lt;span style="color:#f8f8f8;text-decoration:underline">
&lt;/span>&lt;/span>&lt;/span>&lt;span style="display:flex;">&lt;span>&lt;span style="color:#f8f8f8;text-decoration:underline">
&lt;/span>&lt;/span>&lt;/span>&lt;span style="display:flex;">&lt;span>&lt;span style="color:#f8f8f8;text-decoration:underline"> &lt;/span>&lt;span style="color:#8f5902;font-style:italic">/**
&lt;/span>&lt;/span>&lt;/span>&lt;span style="display:flex;">&lt;span>&lt;span style="color:#8f5902;font-style:italic"> * 二つの整数を割り算するメソッド。
&lt;/span>&lt;/span>&lt;/span>&lt;span style="display:flex;">&lt;span>&lt;span style="color:#8f5902;font-style:italic"> * 分母がゼロの場合、ArithmeticExceptionが発生する。
&lt;/span>&lt;/span>&lt;/span>&lt;span style="display:flex;">&lt;span>&lt;span style="color:#8f5902;font-style:italic"> */&lt;/span>&lt;span style="color:#f8f8f8;text-decoration:underline">
&lt;/span>&lt;/span>&lt;/span>&lt;span style="display:flex;">&lt;span>&lt;span style="color:#f8f8f8;text-decoration:underline"> &lt;/span>&lt;span style="color:#204a87;font-weight:bold">public&lt;/span>&lt;span style="color:#f8f8f8;text-decoration:underline"> &lt;/span>&lt;span style="color:#204a87;font-weight:bold">static&lt;/span>&lt;span style="color:#f8f8f8;text-decoration:underline"> &lt;/span>&lt;span style="color:#204a87;font-weight:bold">int&lt;/span>&lt;span style="color:#f8f8f8;text-decoration:underline"> &lt;/span>&lt;span style="color:#000">divideNumbers&lt;/span>&lt;span style="color:#000;font-weight:bold">(&lt;/span>&lt;span style="color:#204a87;font-weight:bold">int&lt;/span>&lt;span style="color:#f8f8f8;text-decoration:underline"> &lt;/span>&lt;span style="color:#000">numerator&lt;/span>&lt;span style="color:#000;font-weight:bold">,&lt;/span>&lt;span style="color:#f8f8f8;text-decoration:underline"> &lt;/span>&lt;span style="color:#204a87;font-weight:bold">int&lt;/span>&lt;span style="color:#f8f8f8;text-decoration:underline"> &lt;/span>&lt;span style="color:#000">denominator&lt;/span>&lt;span style="color:#000;font-weight:bold">)&lt;/span>&lt;span style="color:#f8f8f8;text-decoration:underline"> &lt;/span>&lt;span style="color:#000;font-weight:bold">{&lt;/span>&lt;span style="color:#f8f8f8;text-decoration:underline">
&lt;/span>&lt;/span>&lt;/span>&lt;span style="display:flex;">&lt;span>&lt;span style="color:#f8f8f8;text-decoration:underline"> &lt;/span>&lt;span style="color:#204a87;font-weight:bold">return&lt;/span>&lt;span style="color:#f8f8f8;text-decoration:underline"> &lt;/span>&lt;span style="color:#000">numerator&lt;/span>&lt;span style="color:#f8f8f8;text-decoration:underline"> &lt;/span>&lt;span style="color:#ce5c00;font-weight:bold">/&lt;/span>&lt;span style="color:#f8f8f8;text-decoration:underline"> &lt;/span>&lt;span style="color:#000">denominator&lt;/span>&lt;span style="color:#000;font-weight:bold">;&lt;/span>&lt;span style="color:#f8f8f8;text-decoration:underline">
&lt;/span>&lt;/span>&lt;/span>&lt;span style="display:flex;">&lt;span>&lt;span style="color:#f8f8f8;text-decoration:underline"> &lt;/span>&lt;span style="color:#000;font-weight:bold">}&lt;/span>&lt;span style="color:#f8f8f8;text-decoration:underline">
&lt;/span>&lt;/span>&lt;/span>&lt;span style="display:flex;">&lt;span>&lt;span style="color:#f8f8f8;text-decoration:underline">
&lt;/span>&lt;/span>&lt;/span>&lt;span style="display:flex;">&lt;span>&lt;span style="color:#f8f8f8;text-decoration:underline"> &lt;/span>&lt;span style="color:#204a87;font-weight:bold">public&lt;/span>&lt;span style="color:#f8f8f8;text-decoration:underline"> &lt;/span>&lt;span style="color:#204a87;font-weight:bold">static&lt;/span>&lt;span style="color:#f8f8f8;text-decoration:underline"> &lt;/span>&lt;span style="color:#204a87;font-weight:bold">void&lt;/span>&lt;span style="color:#f8f8f8;text-decoration:underline"> &lt;/span>&lt;span style="color:#000">main&lt;/span>&lt;span style="color:#000;font-weight:bold">(&lt;/span>&lt;span style="color:#000">String&lt;/span>&lt;span style="color:#ce5c00;font-weight:bold">[]&lt;/span>&lt;span style="color:#f8f8f8;text-decoration:underline"> &lt;/span>&lt;span style="color:#000">args&lt;/span>&lt;span style="color:#000;font-weight:bold">)&lt;/span>&lt;span style="color:#f8f8f8;text-decoration:underline"> &lt;/span>&lt;span style="color:#000;font-weight:bold">{&lt;/span>&lt;span style="color:#f8f8f8;text-decoration:underline">
&lt;/span>&lt;/span>&lt;/span>&lt;span style="display:flex;">&lt;span>&lt;span style="color:#f8f8f8;text-decoration:underline"> &lt;/span>&lt;span style="color:#204a87;font-weight:bold">int&lt;/span>&lt;span style="color:#f8f8f8;text-decoration:underline"> &lt;/span>&lt;span style="color:#000">a&lt;/span>&lt;span style="color:#f8f8f8;text-decoration:underline"> &lt;/span>&lt;span style="color:#ce5c00;font-weight:bold">=&lt;/span>&lt;span style="color:#f8f8f8;text-decoration:underline"> &lt;/span>&lt;span style="color:#000">10&lt;/span>&lt;span style="color:#000;font-weight:bold">;&lt;/span>&lt;span style="color:#f8f8f8;text-decoration:underline">
&lt;/span>&lt;/span>&lt;/span>&lt;span style="display:flex;">&lt;span>&lt;span style="color:#f8f8f8;text-decoration:underline"> &lt;/span>&lt;span style="color:#204a87;font-weight:bold">int&lt;/span>&lt;span style="color:#f8f8f8;text-decoration:underline"> &lt;/span>&lt;span style="color:#000">b&lt;/span>&lt;span style="color:#f8f8f8;text-decoration:underline"> &lt;/span>&lt;span style="color:#ce5c00;font-weight:bold">=&lt;/span>&lt;span style="color:#f8f8f8;text-decoration:underline"> &lt;/span>&lt;span style="color:#000">0&lt;/span>&lt;span style="color:#000;font-weight:bold">;&lt;/span>&lt;span style="color:#f8f8f8;text-decoration:underline"> &lt;/span>&lt;span style="color:#8f5902;font-style:italic">// 分母がゼロのためエラーが発生&lt;/span>&lt;span style="color:#f8f8f8;text-decoration:underline">
&lt;/span>&lt;/span>&lt;/span>&lt;span style="display:flex;">&lt;span>&lt;span style="color:#f8f8f8;text-decoration:underline"> &lt;/span>&lt;span style="color:#204a87;font-weight:bold">int&lt;/span>&lt;span style="color:#f8f8f8;text-decoration:underline"> &lt;/span>&lt;span style="color:#000">result&lt;/span>&lt;span style="color:#f8f8f8;text-decoration:underline"> &lt;/span>&lt;span style="color:#ce5c00;font-weight:bold">=&lt;/span>&lt;span style="color:#f8f8f8;text-decoration:underline"> &lt;/span>&lt;span style="color:#000">divideNumbers&lt;/span>&lt;span style="color:#000;font-weight:bold">(&lt;/span>&lt;span style="color:#000">a&lt;/span>&lt;span style="color:#000;font-weight:bold">,&lt;/span>&lt;span style="color:#f8f8f8;text-decoration:underline"> &lt;/span>&lt;span style="color:#000">b&lt;/span>&lt;span style="color:#000;font-weight:bold">);&lt;/span>&lt;span style="color:#f8f8f8;text-decoration:underline">
&lt;/span>&lt;/span>&lt;/span>&lt;span style="display:flex;">&lt;span>&lt;span style="color:#f8f8f8;text-decoration:underline"> &lt;/span>&lt;span style="color:#000">System&lt;/span>&lt;span style="color:#000;font-weight:bold">.&lt;/span>&lt;span style="color:#c4a000">out&lt;/span>&lt;span style="color:#000;font-weight:bold">.&lt;/span>&lt;span style="color:#c4a000">println&lt;/span>&lt;span style="color:#000;font-weight:bold">(&lt;/span>&lt;span style="color:#4e9a06">&amp;#34;Result: &amp;#34;&lt;/span>&lt;span style="color:#f8f8f8;text-decoration:underline"> &lt;/span>&lt;span style="color:#ce5c00;font-weight:bold">+&lt;/span>&lt;span style="color:#f8f8f8;text-decoration:underline"> &lt;/span>&lt;span style="color:#000">result&lt;/span>&lt;span style="color:#000;font-weight:bold">);&lt;/span>&lt;span style="color:#f8f8f8;text-decoration:underline">
&lt;/span>&lt;/span>&lt;/span>&lt;span style="display:flex;">&lt;span>&lt;span style="color:#f8f8f8;text-decoration:underline"> &lt;/span>&lt;span style="color:#000;font-weight:bold">}&lt;/span>&lt;span style="color:#f8f8f8;text-decoration:underline">
&lt;/span>&lt;/span>&lt;/span>&lt;span style="display:flex;">&lt;span>&lt;span style="color:#f8f8f8;text-decoration:underline">&lt;/span>&lt;span style="color:#000;font-weight:bold">}&lt;/span>&lt;span style="color:#f8f8f8;text-decoration:underline">
&lt;/span>&lt;/span>&lt;/span>&lt;/code>&lt;/pre>&lt;/div>&lt;h4 id="ターミナルログ例">ターミナルログ例&lt;/h4>
&lt;p>実行時に以下のエラーログが出力されます。&lt;/p>
&lt;div class="highlight">&lt;pre tabindex="0" style="background-color:#f8f8f8;-moz-tab-size:4;-o-tab-size:4;tab-size:4;">&lt;code class="language-plaintext" data-lang="plaintext">&lt;span style="display:flex;">&lt;span>Exception in thread &amp;#34;main&amp;#34; java.lang.ArithmeticException: / by zero
&lt;/span>&lt;/span>&lt;span style="display:flex;">&lt;span> at SimpleCalculator.divideNumbers(SimpleCalculator.java:8)
&lt;/span>&lt;/span>&lt;span style="display:flex;">&lt;span> at SimpleCalculator.main(SimpleCalculator.java:14)
&lt;/span>&lt;/span>&lt;/code>&lt;/pre>&lt;/div>&lt;h4 id="copilotへのエラー解消依頼プロンプト">Copilotへのエラー解消依頼プロンプト&lt;/h4>
&lt;p>上記ターミナルログを &lt;strong>#terminalSelection&lt;/strong> を使ってCopilotに渡し、エラー修正を依頼します。&lt;/p>
&lt;div class="highlight">&lt;pre tabindex="0" style="background-color:#f8f8f8;-moz-tab-size:4;-o-tab-size:4;tab-size:4;">&lt;code class="language-text" data-lang="text">&lt;span style="display:flex;">&lt;span>#terminalSelection
&lt;/span>&lt;/span>&lt;span style="display:flex;">&lt;span>エラーログを見てコードを修正して下さい。
&lt;/span>&lt;/span>&lt;/code>&lt;/pre>&lt;/div>&lt;img width="1682" alt="Image" src="https://github.com/user-attachments/assets/7171afe1-df84-415b-8d1b-c09c902b08fb" />
---
&lt;h3 id="robot-出力例">&amp;#x1f916; 出力例&lt;/h3>
&lt;p>Copilot により生成される修正後のコード例は以下の通りです。
この修正では、分母がゼロの場合にエラーメッセージを出力し、計算を中断する処理を追加しています。&lt;/p>
&lt;div class="highlight">&lt;pre tabindex="0" style="background-color:#f8f8f8;-moz-tab-size:4;-o-tab-size:4;tab-size:4;">&lt;code class="language-java" data-lang="java">&lt;span style="display:flex;">&lt;span>&lt;span style="color:#204a87;font-weight:bold">public&lt;/span>&lt;span style="color:#f8f8f8;text-decoration:underline"> &lt;/span>&lt;span style="color:#204a87;font-weight:bold">class&lt;/span> &lt;span style="color:#000">SimpleCalculator&lt;/span>&lt;span style="color:#f8f8f8;text-decoration:underline"> &lt;/span>&lt;span style="color:#000;font-weight:bold">{&lt;/span>&lt;span style="color:#f8f8f8;text-decoration:underline">
&lt;/span>&lt;/span>&lt;/span>&lt;span style="display:flex;">&lt;span>&lt;span style="color:#f8f8f8;text-decoration:underline">
&lt;/span>&lt;/span>&lt;/span>&lt;span style="display:flex;">&lt;span>&lt;span style="color:#f8f8f8;text-decoration:underline"> &lt;/span>&lt;span style="color:#8f5902;font-style:italic">/**
&lt;/span>&lt;/span>&lt;/span>&lt;span style="display:flex;">&lt;span>&lt;span style="color:#8f5902;font-style:italic"> * 二つの整数を割り算するメソッド。
&lt;/span>&lt;/span>&lt;/span>&lt;span style="display:flex;">&lt;span>&lt;span style="color:#8f5902;font-style:italic"> * 分母がゼロの場合はエラーメッセージを出力し、0を返す。
&lt;/span>&lt;/span>&lt;/span>&lt;span style="display:flex;">&lt;span>&lt;span style="color:#8f5902;font-style:italic"> */&lt;/span>&lt;span style="color:#f8f8f8;text-decoration:underline">
&lt;/span>&lt;/span>&lt;/span>&lt;span style="display:flex;">&lt;span>&lt;span style="color:#f8f8f8;text-decoration:underline"> &lt;/span>&lt;span style="color:#204a87;font-weight:bold">public&lt;/span>&lt;span style="color:#f8f8f8;text-decoration:underline"> &lt;/span>&lt;span style="color:#204a87;font-weight:bold">static&lt;/span>&lt;span style="color:#f8f8f8;text-decoration:underline"> &lt;/span>&lt;span style="color:#204a87;font-weight:bold">int&lt;/span>&lt;span style="color:#f8f8f8;text-decoration:underline"> &lt;/span>&lt;span style="color:#000">divideNumbers&lt;/span>&lt;span style="color:#000;font-weight:bold">(&lt;/span>&lt;span style="color:#204a87;font-weight:bold">int&lt;/span>&lt;span style="color:#f8f8f8;text-decoration:underline"> &lt;/span>&lt;span style="color:#000">numerator&lt;/span>&lt;span style="color:#000;font-weight:bold">,&lt;/span>&lt;span style="color:#f8f8f8;text-decoration:underline"> &lt;/span>&lt;span style="color:#204a87;font-weight:bold">int&lt;/span>&lt;span style="color:#f8f8f8;text-decoration:underline"> &lt;/span>&lt;span style="color:#000">denominator&lt;/span>&lt;span style="color:#000;font-weight:bold">)&lt;/span>&lt;span style="color:#f8f8f8;text-decoration:underline"> &lt;/span>&lt;span style="color:#000;font-weight:bold">{&lt;/span>&lt;span style="color:#f8f8f8;text-decoration:underline">
&lt;/span>&lt;/span>&lt;/span>&lt;span style="display:flex;">&lt;span>&lt;span style="color:#f8f8f8;text-decoration:underline"> &lt;/span>&lt;span style="color:#204a87;font-weight:bold">if&lt;/span>&lt;span style="color:#f8f8f8;text-decoration:underline"> &lt;/span>&lt;span style="color:#000;font-weight:bold">(&lt;/span>&lt;span style="color:#000">denominator&lt;/span>&lt;span style="color:#f8f8f8;text-decoration:underline"> &lt;/span>&lt;span style="color:#ce5c00;font-weight:bold">==&lt;/span>&lt;span style="color:#f8f8f8;text-decoration:underline"> &lt;/span>&lt;span style="color:#000">0&lt;/span>&lt;span style="color:#000;font-weight:bold">)&lt;/span>&lt;span style="color:#f8f8f8;text-decoration:underline"> &lt;/span>&lt;span style="color:#000;font-weight:bold">{&lt;/span>&lt;span style="color:#f8f8f8;text-decoration:underline">
&lt;/span>&lt;/span>&lt;/span>&lt;span style="display:flex;">&lt;span>&lt;span style="color:#f8f8f8;text-decoration:underline"> &lt;/span>&lt;span style="color:#000">System&lt;/span>&lt;span style="color:#000;font-weight:bold">.&lt;/span>&lt;span style="color:#c4a000">err&lt;/span>&lt;span style="color:#000;font-weight:bold">.&lt;/span>&lt;span style="color:#c4a000">println&lt;/span>&lt;span style="color:#000;font-weight:bold">(&lt;/span>&lt;span style="color:#4e9a06">&amp;#34;Error: Denominator is zero. Division cannot be performed.&amp;#34;&lt;/span>&lt;span style="color:#000;font-weight:bold">);&lt;/span>&lt;span style="color:#f8f8f8;text-decoration:underline">
&lt;/span>&lt;/span>&lt;/span>&lt;span style="display:flex;">&lt;span>&lt;span style="color:#f8f8f8;text-decoration:underline"> &lt;/span>&lt;span style="color:#204a87;font-weight:bold">return&lt;/span>&lt;span style="color:#f8f8f8;text-decoration:underline"> &lt;/span>&lt;span style="color:#000">0&lt;/span>&lt;span style="color:#000;font-weight:bold">;&lt;/span>&lt;span style="color:#f8f8f8;text-decoration:underline">
&lt;/span>&lt;/span>&lt;/span>&lt;span style="display:flex;">&lt;span>&lt;span style="color:#f8f8f8;text-decoration:underline"> &lt;/span>&lt;span style="color:#000;font-weight:bold">}&lt;/span>&lt;span style="color:#f8f8f8;text-decoration:underline">
&lt;/span>&lt;/span>&lt;/span>&lt;span style="display:flex;">&lt;span>&lt;span style="color:#f8f8f8;text-decoration:underline"> &lt;/span>&lt;span style="color:#204a87;font-weight:bold">return&lt;/span>&lt;span style="color:#f8f8f8;text-decoration:underline"> &lt;/span>&lt;span style="color:#000">numerator&lt;/span>&lt;span style="color:#f8f8f8;text-decoration:underline"> &lt;/span>&lt;span style="color:#ce5c00;font-weight:bold">/&lt;/span>&lt;span style="color:#f8f8f8;text-decoration:underline"> &lt;/span>&lt;span style="color:#000">denominator&lt;/span>&lt;span style="color:#000;font-weight:bold">;&lt;/span>&lt;span style="color:#f8f8f8;text-decoration:underline">
&lt;/span>&lt;/span>&lt;/span>&lt;span style="display:flex;">&lt;span>&lt;span style="color:#f8f8f8;text-decoration:underline"> &lt;/span>&lt;span style="color:#000;font-weight:bold">}&lt;/span>&lt;span style="color:#f8f8f8;text-decoration:underline">
&lt;/span>&lt;/span>&lt;/span>&lt;span style="display:flex;">&lt;span>&lt;span style="color:#f8f8f8;text-decoration:underline">
&lt;/span>&lt;/span>&lt;/span>&lt;span style="display:flex;">&lt;span>&lt;span style="color:#f8f8f8;text-decoration:underline"> &lt;/span>&lt;span style="color:#204a87;font-weight:bold">public&lt;/span>&lt;span style="color:#f8f8f8;text-decoration:underline"> &lt;/span>&lt;span style="color:#204a87;font-weight:bold">static&lt;/span>&lt;span style="color:#f8f8f8;text-decoration:underline"> &lt;/span>&lt;span style="color:#204a87;font-weight:bold">void&lt;/span>&lt;span style="color:#f8f8f8;text-decoration:underline"> &lt;/span>&lt;span style="color:#000">main&lt;/span>&lt;span style="color:#000;font-weight:bold">(&lt;/span>&lt;span style="color:#000">String&lt;/span>&lt;span style="color:#ce5c00;font-weight:bold">[]&lt;/span>&lt;span style="color:#f8f8f8;text-decoration:underline"> &lt;/span>&lt;span style="color:#000">args&lt;/span>&lt;span style="color:#000;font-weight:bold">)&lt;/span>&lt;span style="color:#f8f8f8;text-decoration:underline"> &lt;/span>&lt;span style="color:#000;font-weight:bold">{&lt;/span>&lt;span style="color:#f8f8f8;text-decoration:underline">
&lt;/span>&lt;/span>&lt;/span>&lt;span style="display:flex;">&lt;span>&lt;span style="color:#f8f8f8;text-decoration:underline"> &lt;/span>&lt;span style="color:#204a87;font-weight:bold">int&lt;/span>&lt;span style="color:#f8f8f8;text-decoration:underline"> &lt;/span>&lt;span style="color:#000">a&lt;/span>&lt;span style="color:#f8f8f8;text-decoration:underline"> &lt;/span>&lt;span style="color:#ce5c00;font-weight:bold">=&lt;/span>&lt;span style="color:#f8f8f8;text-decoration:underline"> &lt;/span>&lt;span style="color:#000">10&lt;/span>&lt;span style="color:#000;font-weight:bold">;&lt;/span>&lt;span style="color:#f8f8f8;text-decoration:underline">
&lt;/span>&lt;/span>&lt;/span>&lt;span style="display:flex;">&lt;span>&lt;span style="color:#f8f8f8;text-decoration:underline"> &lt;/span>&lt;span style="color:#204a87;font-weight:bold">int&lt;/span>&lt;span style="color:#f8f8f8;text-decoration:underline"> &lt;/span>&lt;span style="color:#000">b&lt;/span>&lt;span style="color:#f8f8f8;text-decoration:underline"> &lt;/span>&lt;span style="color:#ce5c00;font-weight:bold">=&lt;/span>&lt;span style="color:#f8f8f8;text-decoration:underline"> &lt;/span>&lt;span style="color:#000">0&lt;/span>&lt;span style="color:#000;font-weight:bold">;&lt;/span>&lt;span style="color:#f8f8f8;text-decoration:underline"> &lt;/span>&lt;span style="color:#8f5902;font-style:italic">// 分母がゼロの場合はエラー回避のため、エラーメッセージを出力して0を返す&lt;/span>&lt;span style="color:#f8f8f8;text-decoration:underline">
&lt;/span>&lt;/span>&lt;/span>&lt;span style="display:flex;">&lt;span>&lt;span style="color:#f8f8f8;text-decoration:underline"> &lt;/span>&lt;span style="color:#204a87;font-weight:bold">int&lt;/span>&lt;span style="color:#f8f8f8;text-decoration:underline"> &lt;/span>&lt;span style="color:#000">result&lt;/span>&lt;span style="color:#f8f8f8;text-decoration:underline"> &lt;/span>&lt;span style="color:#ce5c00;font-weight:bold">=&lt;/span>&lt;span style="color:#f8f8f8;text-decoration:underline"> &lt;/span>&lt;span style="color:#000">divideNumbers&lt;/span>&lt;span style="color:#000;font-weight:bold">(&lt;/span>&lt;span style="color:#000">a&lt;/span>&lt;span style="color:#000;font-weight:bold">,&lt;/span>&lt;span style="color:#f8f8f8;text-decoration:underline"> &lt;/span>&lt;span style="color:#000">b&lt;/span>&lt;span style="color:#000;font-weight:bold">);&lt;/span>&lt;span style="color:#f8f8f8;text-decoration:underline">
&lt;/span>&lt;/span>&lt;/span>&lt;span style="display:flex;">&lt;span>&lt;span style="color:#f8f8f8;text-decoration:underline"> &lt;/span>&lt;span style="color:#000">System&lt;/span>&lt;span style="color:#000;font-weight:bold">.&lt;/span>&lt;span style="color:#c4a000">out&lt;/span>&lt;span style="color:#000;font-weight:bold">.&lt;/span>&lt;span style="color:#c4a000">println&lt;/span>&lt;span style="color:#000;font-weight:bold">(&lt;/span>&lt;span style="color:#4e9a06">&amp;#34;Result: &amp;#34;&lt;/span>&lt;span style="color:#f8f8f8;text-decoration:underline"> &lt;/span>&lt;span style="color:#ce5c00;font-weight:bold">+&lt;/span>&lt;span style="color:#f8f8f8;text-decoration:underline"> &lt;/span>&lt;span style="color:#000">result&lt;/span>&lt;span style="color:#000;font-weight:bold">);&lt;/span>&lt;span style="color:#f8f8f8;text-decoration:underline">
&lt;/span>&lt;/span>&lt;/span>&lt;span style="display:flex;">&lt;span>&lt;span style="color:#f8f8f8;text-decoration:underline"> &lt;/span>&lt;span style="color:#000;font-weight:bold">}&lt;/span>&lt;span style="color:#f8f8f8;text-decoration:underline">
&lt;/span>&lt;/span>&lt;/span>&lt;span style="display:flex;">&lt;span>&lt;span style="color:#f8f8f8;text-decoration:underline">&lt;/span>&lt;span style="color:#000;font-weight:bold">}&lt;/span>&lt;span style="color:#f8f8f8;text-decoration:underline">
&lt;/span>&lt;/span>&lt;/span>&lt;/code>&lt;/pre>&lt;/div>&lt;hr>
&lt;h3 id="memo-練習">&amp;#x1f4dd; 練習&lt;/h3>
&lt;p>すぐに試せる以下の実践的な練習を行ってみましょう。&lt;/p>
&lt;ol>
&lt;li>
&lt;p>&lt;strong>例外をスローする実装に変更&lt;/strong>&lt;/p>
&lt;ul>
&lt;li>&lt;code>divideNumbers&lt;/code> メソッド内で、分母がゼロの場合にエラーメッセージを出力する代わりに、&lt;code>IllegalArgumentException&lt;/code> をスローするように変更してみましょう。&lt;/li>
&lt;li>変更後のコードをコンパイル・実行し、例外がスローされることを確認してください。&lt;/li>
&lt;/ul>
&lt;/li>
&lt;li>
&lt;p>&lt;strong>ユーザー入力による動的な値のテスト&lt;/strong>&lt;/p>
&lt;ul>
&lt;li>&lt;code>main&lt;/code> メソッドに &lt;code>java.util.Scanner&lt;/code> を追加して、ユーザーから分子と分母の値を入力できるように変更しましょう。&lt;/li>
&lt;li>入力値がゼロの場合に、適切なエラーメッセージや例外処理が行われるか、すぐに動作を確認してみてください。&lt;/li>
&lt;/ul>
&lt;/li>
&lt;/ol>
&lt;hr>
&lt;h2 id="まとめ">まとめ&lt;/h2>
&lt;ul>
&lt;li>&lt;strong>#terminalSelection&lt;/strong> を活用して、実際のターミナルログからエラー原因を正確に伝えることで、具体的な修正案を自動生成できます。&lt;/li>
&lt;li>修正後のコード例では、分母がゼロの場合の処理を追加し、&lt;strong>ArithmeticException&lt;/strong> の発生を未然に防ぐ対策が実装されています。&lt;/li>
&lt;li>今回の練習では、すぐに実行・確認できる修正依頼とユーザー入力を使ったテストを行い、Copilot の提案精度や運用方法を実践的に理解できます。&lt;/li>
&lt;li>この手法により、実行ログから迅速にエラー原因を把握し、シンプルかつ直感的なエラー解消が可能となります。&lt;/li>
&lt;/ul></description></item></channel></rss>