<rss version="2.0" xmlns:atom="http://www.w3.org/2005/Atom"><channel><title>GitHub Copilot ハンズオン – 設計、運用、保守での使い方</title><link>/docs/step4/</link><description>Recent content in 設計、運用、保守での使い方 on GitHub Copilot ハンズオン</description><generator>Hugo -- gohugo.io</generator><language>ja</language><atom:link href="/docs/step4/index.xml" rel="self" type="application/rss+xml"/><item><title>Docs: ① 要件整理</title><link>/docs/step4/example-1/</link><pubDate>Mon, 01 Jan 0001 00:00:00 +0000</pubDate><guid>/docs/step4/example-1/</guid><description>
&lt;p>上流工程の初期段階では、&lt;strong>ヒアリング内容&lt;/strong>がまだまとまっていない状態から、&lt;strong>ユースケース&lt;/strong>・&lt;strong>機能要件&lt;/strong>・&lt;strong>非機能要件&lt;/strong>などを洗い出す必要があります。ここでは、「ユーザーが気軽にメッセージのやり取りができるアプリ」を作る想定で、&lt;strong>バラバラなヒアリングメモ&lt;/strong>を&lt;strong>Copilot&lt;/strong>と一緒に整理していく流れを例示します。&lt;/p>
&lt;hr>
&lt;h3 id="ヒアリングメモサンプル">ヒアリングメモ（サンプル）&lt;/h3>
&lt;p>クライアントとのやり取りを抜粋したもので、まだ&lt;strong>ビジネス要件 / 機能 / 非機能&lt;/strong>としてきちんと分類されていません。&lt;/p>
&lt;pre tabindex="0">&lt;code>- 今回のアプリは、ユーザーどうしでメッセージを送れたらいい。無料でOK
- 友達を登録してチャット、あと公式アカウントみたいなのも将来ほしいかも
- なんかスタンプ的なもの？ 画像送信？ んー最初はテキストだけにするかも
- 通知がくるようにしてほしいって話だったはず
- スマホメイン。PCはあとでいいかも
- すぐリリースできる形にしたい（2〜3か月ぐらい？）
- 稼働初期はそんなにアクセス多くないと思う。せいぜい数百ユーザー？
- でもUI可愛いと嬉しいんだけど… あ、それはデザイナーと相談か
- サーバーはAWSでいいよね？コストはなるべく安く
- グループチャットやビデオ通話は後々検討
- ユーザー: 若い世代がメインかも(10~30代)
- 広告…いれたいかもしれない。どうしよう
- セキュリティは常識的にHTTPS、パスワード保存には気をつけて
- あとユーザーが自分のプロフィール編集できたらいいね
- 当面は日本語のみ対応かな
- 長期的に海外向けもありか
&lt;/code>&lt;/pre>&lt;hr>
&lt;h3 id="pen-例題--ユースケースの作成">&amp;#x1f58a;&amp;#xfe0f; 例題 – ユースケースの作成&lt;/h3>
&lt;h4 id="プロンプト例">プロンプト例&lt;/h4>
&lt;div class="highlight">&lt;pre tabindex="0" style="background-color:#f8f8f8;-moz-tab-size:4;-o-tab-size:4;tab-size:4;">&lt;code class="language-text" data-lang="text">&lt;span style="display:flex;">&lt;span>このヒアリングメモを元に、ユーザー（一般ユーザー）と運営（管理者）それぞれのユースケースを3つずつ書いてください。
&lt;/span>&lt;/span>&lt;span style="display:flex;">&lt;span>使い方シナリオをできるだけ具体的に。
&lt;/span>&lt;/span>&lt;/code>&lt;/pre>&lt;/div>&lt;p>&lt;strong>Copilot&lt;/strong> はメモを読み取り、以下のように&lt;strong>ユーザー視点&lt;/strong>・&lt;strong>管理者視点&lt;/strong>でユースケースを提案してくれます。&lt;/p>
&lt;hr>
&lt;h3 id="robot-出力例-イメージ">&amp;#x1f916; 出力例 (イメージ)&lt;/h3>
&lt;div class="highlight">&lt;pre tabindex="0" style="background-color:#f8f8f8;-moz-tab-size:4;-o-tab-size:4;tab-size:4;">&lt;code class="language-plaintext" data-lang="plaintext">&lt;span style="display:flex;">&lt;span>【一般ユーザーのユースケース】
&lt;/span>&lt;/span>&lt;span style="display:flex;">&lt;span>1. 友達追加とチャット
&lt;/span>&lt;/span>&lt;span style="display:flex;">&lt;span> - ユーザーは他のユーザーIDを検索し、フレンドリストに追加...
&lt;/span>&lt;/span>&lt;span style="display:flex;">&lt;span>2. プッシュ通知を受ける
&lt;/span>&lt;/span>&lt;span style="display:flex;">&lt;span> - ユーザーがオフライン中でもメッセージが届けば端末に通知...
&lt;/span>&lt;/span>&lt;span style="display:flex;">&lt;span>3. プロフィール編集
&lt;/span>&lt;/span>&lt;span style="display:flex;">&lt;span> - ニックネームやアイコンを変更...
&lt;/span>&lt;/span>&lt;span style="display:flex;">&lt;span>
&lt;/span>&lt;/span>&lt;span style="display:flex;">&lt;span>【管理者のユースケース】
&lt;/span>&lt;/span>&lt;span style="display:flex;">&lt;span>1. 公式アカウント作成/管理
&lt;/span>&lt;/span>&lt;span style="display:flex;">&lt;span> - 将来的にブランドや企業の公式アカウントを設定...
&lt;/span>&lt;/span>&lt;span style="display:flex;">&lt;span>2. 広告枠設定
&lt;/span>&lt;/span>&lt;span style="display:flex;">&lt;span> - 広告枠をアプリに挿入する場所を決める...
&lt;/span>&lt;/span>&lt;span style="display:flex;">&lt;span>3. システム負荷確認
&lt;/span>&lt;/span>&lt;span style="display:flex;">&lt;span> - 稼働初期は数百ユーザー想定だが、ログを監視し負荷を見る...
&lt;/span>&lt;/span>&lt;/code>&lt;/pre>&lt;/div>&lt;p>Copilot が&lt;strong>要素を抽出&lt;/strong>し、&lt;strong>シナリオ形式&lt;/strong>で示してくれます。&lt;/p>
&lt;hr>
&lt;h3 id="pen-例題--機能要件の作成">&amp;#x1f58a;&amp;#xfe0f; 例題 – 機能要件の作成&lt;/h3>
&lt;h4 id="プロンプト例-1">プロンプト例&lt;/h4>
&lt;div class="highlight">&lt;pre tabindex="0" style="background-color:#f8f8f8;-moz-tab-size:4;-o-tab-size:4;tab-size:4;">&lt;code class="language-text" data-lang="text">&lt;span style="display:flex;">&lt;span>今度は機能要件をリストアップしてください。先のユースケースとヒアリングメモを踏まえて。
&lt;/span>&lt;/span>&lt;/code>&lt;/pre>&lt;/div>&lt;p>&lt;strong>Copilot&lt;/strong> は以下のように&lt;strong>機能一覧&lt;/strong>を書き出す可能性があります:&lt;/p>
&lt;hr>
&lt;h3 id="robot-出力例">&amp;#x1f916; 出力例&lt;/h3>
&lt;div class="highlight">&lt;pre tabindex="0" style="background-color:#f8f8f8;-moz-tab-size:4;-o-tab-size:4;tab-size:4;">&lt;code class="language-plaintext" data-lang="plaintext">&lt;span style="display:flex;">&lt;span>[機能要件例]
&lt;/span>&lt;/span>&lt;span style="display:flex;">&lt;span>1. ユーザーアカウント管理
&lt;/span>&lt;/span>&lt;span style="display:flex;">&lt;span> - 新規登録/ログイン
&lt;/span>&lt;/span>&lt;span style="display:flex;">&lt;span> - プロフィール編集 (アイコン, ニックネーム)
&lt;/span>&lt;/span>&lt;span style="display:flex;">&lt;span>
&lt;/span>&lt;/span>&lt;span style="display:flex;">&lt;span>2. フレンドリスト機能
&lt;/span>&lt;/span>&lt;span style="display:flex;">&lt;span> - ユーザー検索, 追加/削除
&lt;/span>&lt;/span>&lt;span style="display:flex;">&lt;span> - フレンド一覧表示
&lt;/span>&lt;/span>&lt;span style="display:flex;">&lt;span>
&lt;/span>&lt;/span>&lt;span style="display:flex;">&lt;span>3. チャット機能
&lt;/span>&lt;/span>&lt;span style="display:flex;">&lt;span> - 個別チャット (テキストのみ)
&lt;/span>&lt;/span>&lt;span style="display:flex;">&lt;span> - 通知 (プッシュ通知)
&lt;/span>&lt;/span>&lt;span style="display:flex;">&lt;span> - スタンプ/画像送信は後々
&lt;/span>&lt;/span>&lt;span style="display:flex;">&lt;span>
&lt;/span>&lt;/span>&lt;span style="display:flex;">&lt;span>4. 管理者機能
&lt;/span>&lt;/span>&lt;span style="display:flex;">&lt;span> - 公式アカウント作成/管理
&lt;/span>&lt;/span>&lt;span style="display:flex;">&lt;span> - 広告管理 (将来)
&lt;/span>&lt;/span>&lt;span style="display:flex;">&lt;span> - システム負荷監視
&lt;/span>&lt;/span>&lt;span style="display:flex;">&lt;span>
&lt;/span>&lt;/span>&lt;span style="display:flex;">&lt;span>5. 国際化 (将来)
&lt;/span>&lt;/span>&lt;span style="display:flex;">&lt;span> - 現在は日本語のみ
&lt;/span>&lt;/span>&lt;span style="display:flex;">&lt;span> - 将来的に英語対応
&lt;/span>&lt;/span>&lt;/code>&lt;/pre>&lt;/div>&lt;hr>
&lt;h3 id="pen-例題--非機能要件の作成">&amp;#x1f58a;&amp;#xfe0f; 例題 – 非機能要件の作成&lt;/h3>
&lt;h4 id="プロンプト例-2">プロンプト例&lt;/h4>
&lt;div class="highlight">&lt;pre tabindex="0" style="background-color:#f8f8f8;-moz-tab-size:4;-o-tab-size:4;tab-size:4;">&lt;code class="language-text" data-lang="text">&lt;span style="display:flex;">&lt;span>同じヒアリングメモを踏まえて、非機能要件も列挙してください。
&lt;/span>&lt;/span>&lt;span style="display:flex;">&lt;span>パフォーマンス, セキュリティ, 可用性など。
&lt;/span>&lt;/span>&lt;/code>&lt;/pre>&lt;/div>&lt;p>&lt;strong>Copilot&lt;/strong> はヒアリングメモから拾い、&lt;strong>推測で&lt;/strong>以下のような非機能要件を提示します。&lt;/p>
&lt;hr>
&lt;h3 id="robot-出力例-1">&amp;#x1f916; 出力例&lt;/h3>
&lt;div class="highlight">&lt;pre tabindex="0" style="background-color:#f8f8f8;-moz-tab-size:4;-o-tab-size:4;tab-size:4;">&lt;code class="language-plaintext" data-lang="plaintext">&lt;span style="display:flex;">&lt;span>[非機能要件例]
&lt;/span>&lt;/span>&lt;span style="display:flex;">&lt;span>
&lt;/span>&lt;/span>&lt;span style="display:flex;">&lt;span>1. パフォーマンス
&lt;/span>&lt;/span>&lt;span style="display:flex;">&lt;span> - 数百ユーザー規模で同時アクセス可
&lt;/span>&lt;/span>&lt;span style="display:flex;">&lt;span> - 応答速度: 2秒以内を目指す
&lt;/span>&lt;/span>&lt;span style="display:flex;">&lt;span>
&lt;/span>&lt;/span>&lt;span style="display:flex;">&lt;span>2. 可用性
&lt;/span>&lt;/span>&lt;span style="display:flex;">&lt;span> - 24/7稼働
&lt;/span>&lt;/span>&lt;span style="display:flex;">&lt;span> - AWSでの稼働を想定、低コスト・自動スケーリング
&lt;/span>&lt;/span>&lt;span style="display:flex;">&lt;span>
&lt;/span>&lt;/span>&lt;span style="display:flex;">&lt;span>3. セキュリティ
&lt;/span>&lt;/span>&lt;span style="display:flex;">&lt;span> - HTTPS必須
&lt;/span>&lt;/span>&lt;span style="display:flex;">&lt;span> - パスワード保存時のハッシュ化
&lt;/span>&lt;/span>&lt;span style="display:flex;">&lt;span> - 基本的な個人情報保護
&lt;/span>&lt;/span>&lt;span style="display:flex;">&lt;span>
&lt;/span>&lt;/span>&lt;span style="display:flex;">&lt;span>4. 拡張性
&lt;/span>&lt;/span>&lt;span style="display:flex;">&lt;span> - 後日スタンプや画像送信を追加可能な構造
&lt;/span>&lt;/span>&lt;span style="display:flex;">&lt;span> - 広告枠を動的に挿入できる
&lt;/span>&lt;/span>&lt;span style="display:flex;">&lt;span>
&lt;/span>&lt;/span>&lt;span style="display:flex;">&lt;span>5. 運用面
&lt;/span>&lt;/span>&lt;span style="display:flex;">&lt;span> - 2〜3か月で最初のリリース
&lt;/span>&lt;/span>&lt;span style="display:flex;">&lt;span> - メンテナンスはデザイナーと協力
&lt;/span>&lt;/span>&lt;/code>&lt;/pre>&lt;/div>&lt;hr>
&lt;h3 id="memo-練習">&amp;#x1f4dd; 練習&lt;/h3>
&lt;ol>
&lt;li>&lt;strong>追加のメモを足す&lt;/strong>
&lt;ul>
&lt;li>例: 「実は1万ユーザー規模がすぐ来るかもしれない」など → Copilot が非機能要件をどう変えるか&lt;/li>
&lt;/ul>
&lt;/li>
&lt;li>&lt;strong>優先度設定&lt;/strong>
&lt;ul>
&lt;li>Copilot に「これらの要件を優先度A/B/Cに分けて」と依頼&lt;/li>
&lt;/ul>
&lt;/li>
&lt;li>&lt;strong>実装まで進める&lt;/strong>
&lt;ul>
&lt;li>整理した要件を踏まえ、Copilot に「実装案をくれ」と頼み、下流工程に進む&lt;/li>
&lt;/ul>
&lt;/li>
&lt;/ol>
&lt;hr>
&lt;h2 id="まとめ">まとめ&lt;/h2>
&lt;ul>
&lt;li>&lt;strong>ヒアリングメモ&lt;/strong>がバラバラでも、&lt;strong>Copilot&lt;/strong> が「ユースケース / 機能要件 / 非機能要件」形式で&lt;strong>情報整理&lt;/strong>を手伝う&lt;/li>
&lt;li>上流工程の&lt;strong>要件定義&lt;/strong>を半自動化し、&lt;strong>チーム合意形成&lt;/strong>を早める&lt;/li>
&lt;li>その後、&lt;strong>優先度設定&lt;/strong>や&lt;strong>下流工程への展開&lt;/strong>も Copilot とやり取りすれば&lt;strong>短時間&lt;/strong>で作業可能&lt;/li>
&lt;/ul>
&lt;p>こうして&lt;strong>上流工程&lt;/strong>での&lt;strong>要件整理&lt;/strong>作業も、Copilot の力を借りることで&lt;strong>素早く&lt;/strong>整頓でき、&lt;strong>開発&lt;/strong>をスムーズに開始できます。&lt;/p></description></item><item><title>Docs: ② フロー図やER図の作成</title><link>/docs/step4/example-2/</link><pubDate>Mon, 01 Jan 0001 00:00:00 +0000</pubDate><guid>/docs/step4/example-2/</guid><description>
&lt;p>&lt;strong>システムの全体像&lt;/strong>や&lt;strong>処理の流れ&lt;/strong>を図解する作業は、上流工程の重要タスクのひとつです。ここでは、&lt;strong>メッセージングアプリ&lt;/strong>の例を通じて、&lt;strong>Mermaid 記法&lt;/strong>を使ったフロー図や ER 図の作成方法を示します。また、&lt;strong>GitHub Copilot&lt;/strong> を活用して図のソースコードを自動生成するアイデアを紹介します。&lt;/p>
&lt;hr>
&lt;h3 id="pen-例題--フロー図業務フロー処理フロー">&amp;#x1f58a;&amp;#xfe0f; 例題 – フロー図（業務フロー・処理フロー）&lt;/h3>
&lt;h4 id="概要">概要&lt;/h4>
&lt;ol>
&lt;li>&lt;strong>システムや業務の流れを図解&lt;/strong>（アクティビティ図 / フローチャート等）&lt;/li>
&lt;li>&lt;strong>例外パターン&lt;/strong>も洗い出して設計漏れを防ぐ&lt;/li>
&lt;/ol>
&lt;h5 id="プロンプト例">プロンプト例&lt;/h5>
&lt;div class="highlight">&lt;pre tabindex="0" style="background-color:#f8f8f8;-moz-tab-size:4;-o-tab-size:4;tab-size:4;">&lt;code class="language-text" data-lang="text">&lt;span style="display:flex;">&lt;span>メッセージングアプリで「ユーザーがログイン→メッセージ送信→送信完了」までのフローチャートをMermaid記法で作ってください。
&lt;/span>&lt;/span>&lt;span style="display:flex;">&lt;span>例外パターン(ログイン失敗)も含めて。
&lt;/span>&lt;/span>&lt;/code>&lt;/pre>&lt;/div>&lt;h3 id="robot-出力例">&amp;#x1f916; 出力例&lt;/h3>
&lt;div class="highlight">&lt;pre tabindex="0" style="background-color:#f8f8f8;-moz-tab-size:4;-o-tab-size:4;tab-size:4;">&lt;code class="language-text" data-lang="text">&lt;span style="display:flex;">&lt;span>flowchart TD
&lt;/span>&lt;/span>&lt;span style="display:flex;">&lt;span> A[ユーザー: アプリ起動] --&amp;gt; B(ログイン画面表示)
&lt;/span>&lt;/span>&lt;span style="display:flex;">&lt;span> B --&amp;gt; C{ログイン情報入力}
&lt;/span>&lt;/span>&lt;span style="display:flex;">&lt;span> C --&amp;gt;|成功| D[チャット一覧画面遷移]
&lt;/span>&lt;/span>&lt;span style="display:flex;">&lt;span> C --&amp;gt;|失敗| E[エラー表示:ログイン失敗]
&lt;/span>&lt;/span>&lt;span style="display:flex;">&lt;span>
&lt;/span>&lt;/span>&lt;span style="display:flex;">&lt;span> D --&amp;gt; F[メッセージ入力画面]
&lt;/span>&lt;/span>&lt;span style="display:flex;">&lt;span> F --&amp;gt; G(送信ボタン押下)
&lt;/span>&lt;/span>&lt;span style="display:flex;">&lt;span> G --&amp;gt; H{メッセージ送信処理}
&lt;/span>&lt;/span>&lt;span style="display:flex;">&lt;span> H --&amp;gt;|成功| I[送信完了通知]
&lt;/span>&lt;/span>&lt;span style="display:flex;">&lt;span> H --&amp;gt;|失敗| J[送信エラー表示]
&lt;/span>&lt;/span>&lt;/code>&lt;/pre>&lt;/div>&lt;pre class="mermaid">flowchart TD
A[ユーザー: アプリ起動] --&amp;gt; B(ログイン画面表示)
B --&amp;gt; C{ログイン情報入力}
C --&amp;gt;|成功| D[チャット一覧画面遷移]
C --&amp;gt;|失敗| E[エラー表示:ログイン失敗]
D --&amp;gt; F[メッセージ入力画面]
F --&amp;gt; G(送信ボタン押下)
G --&amp;gt; H{メッセージ送信処理}
H --&amp;gt;|成功| I[送信完了通知]
H --&amp;gt;|失敗| J[送信エラー表示]&lt;/pre>
&lt;p>Copilot は&lt;strong>フロー図&lt;/strong>をMermaidで生成し、&lt;strong>成功/失敗&lt;/strong>の分岐やログイン失敗の例外経路を含むフローチャートを提案してくれます。&lt;/p>
&lt;hr>
&lt;h3 id="pen-例題--er図エンティティ間の関係図">&amp;#x1f58a;&amp;#xfe0f; 例題 – ER図（エンティティ間の関係図）&lt;/h3>
&lt;h4 id="概要-1">概要&lt;/h4>
&lt;ol>
&lt;li>&lt;strong>ユースケースからエンティティを抽出&lt;/strong> (User, Message, ChatRoom等)&lt;/li>
&lt;li>&lt;strong>Copilot&lt;/strong> に「MermaidでER図を書いて」と頼む → &lt;strong>テーブル名や項目&lt;/strong>、&lt;strong>リレーション&lt;/strong>を自動提案&lt;/li>
&lt;/ol>
&lt;h5 id="プロンプト例-1">プロンプト例&lt;/h5>
&lt;div class="highlight">&lt;pre tabindex="0" style="background-color:#f8f8f8;-moz-tab-size:4;-o-tab-size:4;tab-size:4;">&lt;code class="language-text" data-lang="text">&lt;span style="display:flex;">&lt;span>下記ユースケースに基づいてER図をMermaid記法で書いてください:
&lt;/span>&lt;/span>&lt;span style="display:flex;">&lt;span>- ユーザーがプロフィールを持ち、複数メッセージを送信
&lt;/span>&lt;/span>&lt;span style="display:flex;">&lt;span>- 将来的にグループチャットを導入予定
&lt;/span>&lt;/span>&lt;span style="display:flex;">&lt;span>- 1対1チャットの場合、User同士がMessageでつながる
&lt;/span>&lt;/span>&lt;/code>&lt;/pre>&lt;/div>&lt;h3 id="robot-出力例-1">&amp;#x1f916; 出力例&lt;/h3>
&lt;div class="highlight">&lt;pre tabindex="0" style="background-color:#f8f8f8;-moz-tab-size:4;-o-tab-size:4;tab-size:4;">&lt;code class="language-text" data-lang="text">&lt;span style="display:flex;">&lt;span>erDiagram
&lt;/span>&lt;/span>&lt;span style="display:flex;">&lt;span> USER ||--|{ MESSAGE : sends
&lt;/span>&lt;/span>&lt;span style="display:flex;">&lt;span> USER {
&lt;/span>&lt;/span>&lt;span style="display:flex;">&lt;span> int id
&lt;/span>&lt;/span>&lt;span style="display:flex;">&lt;span> string userName
&lt;/span>&lt;/span>&lt;span style="display:flex;">&lt;span> string region
&lt;/span>&lt;/span>&lt;span style="display:flex;">&lt;span> boolean active
&lt;/span>&lt;/span>&lt;span style="display:flex;">&lt;span> }
&lt;/span>&lt;/span>&lt;span style="display:flex;">&lt;span> MESSAGE {
&lt;/span>&lt;/span>&lt;span style="display:flex;">&lt;span> int id
&lt;/span>&lt;/span>&lt;span style="display:flex;">&lt;span> int senderId
&lt;/span>&lt;/span>&lt;span style="display:flex;">&lt;span> int chatRoomId
&lt;/span>&lt;/span>&lt;span style="display:flex;">&lt;span> string text
&lt;/span>&lt;/span>&lt;span style="display:flex;">&lt;span> datetime createdAt
&lt;/span>&lt;/span>&lt;span style="display:flex;">&lt;span> }
&lt;/span>&lt;/span>&lt;span style="display:flex;">&lt;span> CHATROOM ||--|{ MESSAGE : contains
&lt;/span>&lt;/span>&lt;span style="display:flex;">&lt;span> CHATROOM {
&lt;/span>&lt;/span>&lt;span style="display:flex;">&lt;span> int id
&lt;/span>&lt;/span>&lt;span style="display:flex;">&lt;span> string roomName
&lt;/span>&lt;/span>&lt;span style="display:flex;">&lt;span> }
&lt;/span>&lt;/span>&lt;span style="display:flex;">&lt;span> USER ||--|{ CHATROOM : participates
&lt;/span>&lt;/span>&lt;/code>&lt;/pre>&lt;/div>&lt;pre class="mermaid">erDiagram
USER ||--|{ MESSAGE : sends
USER {
int id
string userName
string region
boolean active
}
MESSAGE {
int id
int senderId
int chatRoomId
string text
datetime createdAt
}
CHATROOM ||--|{ MESSAGE : contains
CHATROOM {
int id
string roomName
}
USER ||--|{ CHATROOM : participates&lt;/pre>
&lt;p>Copilot は&lt;strong>User&lt;/strong> と &lt;strong>Message&lt;/strong>, &lt;strong>ChatRoom&lt;/strong> の各エンティティ・リレーションをER図として表示し、&lt;strong>1対多&lt;/strong> や &lt;strong>多対多&lt;/strong> の関係をMermaidソースで示してくれます。&lt;/p>
&lt;hr>
&lt;h3 id="memo-練習">&amp;#x1f4dd; 練習&lt;/h3>
&lt;ol>
&lt;li>&lt;strong>別の例外経路を加えてフロー図を修正&lt;/strong>
&lt;ul>
&lt;li>「メッセージ送信の際、画像添付がある場合の分岐」をMermaidに追加させる&lt;/li>
&lt;/ul>
&lt;/li>
&lt;li>&lt;strong>ER図の属性を増やす&lt;/strong>
&lt;ul>
&lt;li>「Messageに既読フラグを追加」「Userに最終ログイン日時を追加」などを指定して、Copilotの提案を更新&lt;/li>
&lt;/ul>
&lt;/li>
&lt;li>&lt;strong>大きな図を分割&lt;/strong>
&lt;ul>
&lt;li>フローが複雑すぎる場合、Copilotに「フロー図を2つに分けて描いて」と頼むとどうなるか試す&lt;/li>
&lt;/ul>
&lt;/li>
&lt;/ol>
&lt;hr>
&lt;h2 id="まとめ">まとめ&lt;/h2>
&lt;ul>
&lt;li>&lt;strong>Mermaid記法&lt;/strong>を活用すると、&lt;strong>フロー図&lt;/strong>や&lt;strong>ER図&lt;/strong>をテキストベースで作成しやすい&lt;/li>
&lt;li>&lt;strong>Copilot&lt;/strong> に「Mermaidでフローチャート (or ER図)を書いて」と指示すると、&lt;strong>初稿&lt;/strong>を提案 → 微調整して完成度を上げる&lt;/li>
&lt;li>&lt;strong>業務フロー&lt;/strong>や&lt;strong>データモデル&lt;/strong>を可視化しながら上流工程を進めることで、&lt;strong>設計漏れ&lt;/strong>の早期発見に役立つ&lt;/li>
&lt;/ul>
&lt;p>こうした&lt;strong>図&lt;/strong>の作成も Copilot が部分的に支援してくれることで、上流工程の&lt;strong>効率&lt;/strong>と&lt;strong>品質&lt;/strong>を高められます。&lt;/p></description></item><item><title>Docs: ③ UML 図（クラス図・シーケンス図）の作成</title><link>/docs/step4/example-3/</link><pubDate>Mon, 01 Jan 0001 00:00:00 +0000</pubDate><guid>/docs/step4/example-3/</guid><description>
&lt;p>&lt;strong>クラス間の関連や継承関係&lt;/strong>、または&lt;strong>処理の流れ&lt;/strong>を可視化する際、&lt;strong>UML 図&lt;/strong>が役立ちます。ここでは、&lt;strong>Mermaid 記法&lt;/strong>を使って &lt;strong>クラス図&lt;/strong>や &lt;strong>シーケンス図&lt;/strong>を作成し、さらに &lt;strong>Copilot&lt;/strong> を活用して図のソースコードを自動生成する方法を紹介します。&lt;/p>
&lt;hr>
&lt;h3 id="pen-例題--クラス図の作成">&amp;#x1f58a;&amp;#xfe0f; 例題 – クラス図の作成&lt;/h3>
&lt;p>以下では、&lt;strong>メッセージングアプリ&lt;/strong>を題材にして &lt;strong>クラス図&lt;/strong> を描く例を示します。たとえば、&lt;code>UserManager&lt;/code>, &lt;code>AuthService&lt;/code>, &lt;code>MessageController&lt;/code>, &lt;code>DBRepository&lt;/code> などを登場させ、どう関連し合うかを Mermaid で表現します。&lt;/p>
&lt;h4 id="プロンプト例">プロンプト例&lt;/h4>
&lt;div class="highlight">&lt;pre tabindex="0" style="background-color:#f8f8f8;-moz-tab-size:4;-o-tab-size:4;tab-size:4;">&lt;code class="language-text" data-lang="text">&lt;span style="display:flex;">&lt;span>メッセージングアプリで以下のクラスを使った UMLクラス図を Mermaid記法で作ってください:
&lt;/span>&lt;/span>&lt;span style="display:flex;">&lt;span>- UserManager: login(), logout()
&lt;/span>&lt;/span>&lt;span style="display:flex;">&lt;span>- AuthService: authenticate()
&lt;/span>&lt;/span>&lt;span style="display:flex;">&lt;span>- MessageController: sendMessage(), getMessages()
&lt;/span>&lt;/span>&lt;span style="display:flex;">&lt;span>- DBRepository: save(), find()
&lt;/span>&lt;/span>&lt;span style="display:flex;">&lt;span>
&lt;/span>&lt;/span>&lt;span style="display:flex;">&lt;span>UserManagerはAuthServiceとDBRepositoryを利用、
&lt;/span>&lt;/span>&lt;span style="display:flex;">&lt;span>MessageControllerはDBRepositoryを利用。
&lt;/span>&lt;/span>&lt;span style="display:flex;">&lt;span>継承は特にない。
&lt;/span>&lt;/span>&lt;/code>&lt;/pre>&lt;/div>&lt;h3 id="robot-出力例">&amp;#x1f916; 出力例&lt;/h3>
&lt;div class="highlight">&lt;pre tabindex="0" style="background-color:#f8f8f8;-moz-tab-size:4;-o-tab-size:4;tab-size:4;">&lt;code class="language-text" data-lang="text">&lt;span style="display:flex;">&lt;span>classDiagram
&lt;/span>&lt;/span>&lt;span style="display:flex;">&lt;span> class UserManager {
&lt;/span>&lt;/span>&lt;span style="display:flex;">&lt;span> +login(username, password)
&lt;/span>&lt;/span>&lt;span style="display:flex;">&lt;span> +logout()
&lt;/span>&lt;/span>&lt;span style="display:flex;">&lt;span> }
&lt;/span>&lt;/span>&lt;span style="display:flex;">&lt;span> class AuthService {
&lt;/span>&lt;/span>&lt;span style="display:flex;">&lt;span> +authenticate(user, pass)
&lt;/span>&lt;/span>&lt;span style="display:flex;">&lt;span> }
&lt;/span>&lt;/span>&lt;span style="display:flex;">&lt;span> class MessageController {
&lt;/span>&lt;/span>&lt;span style="display:flex;">&lt;span> +sendMessage(userId, text)
&lt;/span>&lt;/span>&lt;span style="display:flex;">&lt;span> +getMessages(userId)
&lt;/span>&lt;/span>&lt;span style="display:flex;">&lt;span> }
&lt;/span>&lt;/span>&lt;span style="display:flex;">&lt;span> class DBRepository {
&lt;/span>&lt;/span>&lt;span style="display:flex;">&lt;span> +save(object)
&lt;/span>&lt;/span>&lt;span style="display:flex;">&lt;span> +find(query)
&lt;/span>&lt;/span>&lt;span style="display:flex;">&lt;span> }
&lt;/span>&lt;/span>&lt;span style="display:flex;">&lt;span>
&lt;/span>&lt;/span>&lt;span style="display:flex;">&lt;span> UserManager --&amp;gt; AuthService : uses
&lt;/span>&lt;/span>&lt;span style="display:flex;">&lt;span> UserManager --&amp;gt; DBRepository : uses
&lt;/span>&lt;/span>&lt;span style="display:flex;">&lt;span> MessageController --&amp;gt; DBRepository : uses
&lt;/span>&lt;/span>&lt;/code>&lt;/pre>&lt;/div>&lt;pre class="mermaid">classDiagram
class UserManager {
&amp;#43;login(username, password)
&amp;#43;logout()
}
class AuthService {
&amp;#43;authenticate(user, pass)
}
class MessageController {
&amp;#43;sendMessage(userId, text)
&amp;#43;getMessages(userId)
}
class DBRepository {
&amp;#43;save(object)
&amp;#43;find(query)
}
UserManager --&amp;gt; AuthService : uses
UserManager --&amp;gt; DBRepository : uses
MessageController --&amp;gt; DBRepository : uses&lt;/pre>
&lt;p>Copilot が&lt;strong>クラス名・メソッド&lt;/strong>を読み取り、&lt;strong>クラス図&lt;/strong>の初稿を提示してくれます。&lt;code>--&amp;gt;&lt;/code> は「依存関係(uses)」を示す矢印として使われています。&lt;/p>
&lt;hr>
&lt;h3 id="pen-例題--シーケンス図の作成">&amp;#x1f58a;&amp;#xfe0f; 例題 – シーケンス図の作成&lt;/h3>
&lt;p>次に、ユーザーがログインしてメッセージを送信する一連の処理を、&lt;strong>シーケンス図&lt;/strong>で可視化してみましょう。&lt;/p>
&lt;h4 id="プロンプト例-1">プロンプト例&lt;/h4>
&lt;div class="highlight">&lt;pre tabindex="0" style="background-color:#f8f8f8;-moz-tab-size:4;-o-tab-size:4;tab-size:4;">&lt;code class="language-text" data-lang="text">&lt;span style="display:flex;">&lt;span>Mermaidのシーケンス図で、ユーザーがログイン→メッセージ送信する流れを書いてください。
&lt;/span>&lt;/span>&lt;span style="display:flex;">&lt;span>登場オブジェクト: User, UserManager, AuthService, MessageController, DBRepository
&lt;/span>&lt;/span>&lt;/code>&lt;/pre>&lt;/div>&lt;h3 id="robot-出力例-1">&amp;#x1f916; 出力例&lt;/h3>
&lt;div class="highlight">&lt;pre tabindex="0" style="background-color:#f8f8f8;-moz-tab-size:4;-o-tab-size:4;tab-size:4;">&lt;code class="language-text" data-lang="text">&lt;span style="display:flex;">&lt;span>sequenceDiagram
&lt;/span>&lt;/span>&lt;span style="display:flex;">&lt;span> participant U as User
&lt;/span>&lt;/span>&lt;span style="display:flex;">&lt;span> participant UM as UserManager
&lt;/span>&lt;/span>&lt;span style="display:flex;">&lt;span> participant AS as AuthService
&lt;/span>&lt;/span>&lt;span style="display:flex;">&lt;span> participant MC as MessageController
&lt;/span>&lt;/span>&lt;span style="display:flex;">&lt;span> participant DB as DBRepository
&lt;/span>&lt;/span>&lt;span style="display:flex;">&lt;span>
&lt;/span>&lt;/span>&lt;span style="display:flex;">&lt;span> U-&amp;gt;&amp;gt;UM: login(username, password)
&lt;/span>&lt;/span>&lt;span style="display:flex;">&lt;span> UM-&amp;gt;&amp;gt;AS: authenticate(user, pass)
&lt;/span>&lt;/span>&lt;span style="display:flex;">&lt;span> AS--&amp;gt;&amp;gt;UM: auth result (success/fail)
&lt;/span>&lt;/span>&lt;span style="display:flex;">&lt;span> UM--&amp;gt;&amp;gt;U: login result
&lt;/span>&lt;/span>&lt;span style="display:flex;">&lt;span>
&lt;/span>&lt;/span>&lt;span style="display:flex;">&lt;span> U-&amp;gt;&amp;gt;MC: sendMessage(text)
&lt;/span>&lt;/span>&lt;span style="display:flex;">&lt;span> MC-&amp;gt;&amp;gt;DB: save(message)
&lt;/span>&lt;/span>&lt;span style="display:flex;">&lt;span> DB--&amp;gt;&amp;gt;MC: message saved
&lt;/span>&lt;/span>&lt;span style="display:flex;">&lt;span> MC--&amp;gt;&amp;gt;U: send result
&lt;/span>&lt;/span>&lt;/code>&lt;/pre>&lt;/div>&lt;pre class="mermaid">sequenceDiagram
participant U as User
participant UM as UserManager
participant AS as AuthService
participant MC as MessageController
participant DB as DBRepository
U-&amp;gt;&amp;gt;UM: login(username, password)
UM-&amp;gt;&amp;gt;AS: authenticate(user, pass)
AS--&amp;gt;&amp;gt;UM: auth result (success/fail)
UM--&amp;gt;&amp;gt;U: login result
U-&amp;gt;&amp;gt;MC: sendMessage(text)
MC-&amp;gt;&amp;gt;DB: save(message)
DB--&amp;gt;&amp;gt;MC: message saved
MC--&amp;gt;&amp;gt;U: send result&lt;/pre>
&lt;p>Copilot は&lt;strong>やりとりオブジェクト&lt;/strong>（User, UserManager, AuthServiceなど）を参加者として記述し、それぞれの&lt;strong>呼び出し&lt;/strong>を矢印で示す形でシーケンス図を生成します。&lt;/p>
&lt;hr>
&lt;h3 id="memo-練習">&amp;#x1f4dd; 練習&lt;/h3>
&lt;ol>
&lt;li>&lt;strong>追加パターン&lt;/strong>
&lt;ul>
&lt;li>メッセージ送信で添付ファイルがある場合をシーケンス図に加える → Copilotがどう拡張するか&lt;/li>
&lt;/ul>
&lt;/li>
&lt;li>&lt;strong>細かいクラス構造&lt;/strong>
&lt;ul>
&lt;li>クラス図で「MessageController に private メソッドがある」など詳細を追加指示してみる&lt;/li>
&lt;/ul>
&lt;/li>
&lt;li>&lt;strong>大規模図を2つに分割&lt;/strong>
&lt;ul>
&lt;li>フローが大きすぎるなら「図を2つに分けて作成して」と依頼し、Copilotの提案を確認&lt;/li>
&lt;/ul>
&lt;/li>
&lt;/ol>
&lt;hr>
&lt;h2 id="まとめ">まとめ&lt;/h2>
&lt;ul>
&lt;li>&lt;strong>Mermaid 記法&lt;/strong> だけで、&lt;strong>クラス図&lt;/strong>や&lt;strong>シーケンス図&lt;/strong>をテキストとして表現可能&lt;/li>
&lt;li>&lt;strong>Copilot&lt;/strong> に「UML 図を作って」と頼むと、&lt;strong>初稿&lt;/strong>を自動生成してくれる → そこから&lt;strong>手動で微調整&lt;/strong>&lt;/li>
&lt;li>フローが複雑な場合は&lt;strong>複数の図&lt;/strong>に分けるなどの工夫が必要&lt;/li>
&lt;/ul>
&lt;p>こうした &lt;strong>UML 図&lt;/strong> の自動生成も、&lt;strong>Copilot&lt;/strong> で初稿を作れば作業時間を削減でき、&lt;strong>上流工程&lt;/strong>の可視化や合意形成が進みやすくなります。&lt;/p></description></item><item><title>Docs: ④ タスクの作成</title><link>/docs/step4/example-4/</link><pubDate>Mon, 01 Jan 0001 00:00:00 +0000</pubDate><guid>/docs/step4/example-4/</guid><description>
&lt;p>&lt;strong>機能要件&lt;/strong>をもとに複数のタスク（チケット）に細分化し、エンジニアへ割り当てるのはプロジェクト管理の要です。&lt;strong>GitHub Copilot&lt;/strong> を活用すれば、&lt;strong>機能要件&lt;/strong>から&lt;strong>タスク分割&lt;/strong>を自動提案させ、&lt;strong>作業内容の指示&lt;/strong>までまとめた初稿を簡単に作成できます。ここでは「画像付きメッセージ送信」機能を例に、チケット化する流れを示します。&lt;/p>
&lt;hr>
&lt;h3 id="pen-例題">&amp;#x1f58a;&amp;#xfe0f; 例題&lt;/h3>
&lt;h5 id="プロンプト例">プロンプト例&lt;/h5>
&lt;div class="highlight">&lt;pre tabindex="0" style="background-color:#f8f8f8;-moz-tab-size:4;-o-tab-size:4;tab-size:4;">&lt;code class="language-text" data-lang="text">&lt;span style="display:flex;">&lt;span>下記の機能要件を、複数のタスク（チケット）に分割して作成してください。
&lt;/span>&lt;/span>&lt;span style="display:flex;">&lt;span>各チケットには作業内容の指示も書き込んでほしいです。
&lt;/span>&lt;/span>&lt;span style="display:flex;">&lt;span>想定工数も軽く推定して。
&lt;/span>&lt;/span>&lt;span style="display:flex;">&lt;span>
&lt;/span>&lt;/span>&lt;span style="display:flex;">&lt;span>【機能要件】
&lt;/span>&lt;/span>&lt;span style="display:flex;">&lt;span>「ユーザーが画像付きメッセージを送信できる機能を追加する」
&lt;/span>&lt;/span>&lt;span style="display:flex;">&lt;span>1. ユーザーが画像を選択し、テキストと一緒に送信
&lt;/span>&lt;/span>&lt;span style="display:flex;">&lt;span>2. サーバーで画像をアップロードし、メッセージDBと紐づけ
&lt;/span>&lt;/span>&lt;span style="display:flex;">&lt;span>3. 受信側は画像を表示できる
&lt;/span>&lt;/span>&lt;span style="display:flex;">&lt;span>4. 通知にも「画像あり」と付加情報を載せる
&lt;/span>&lt;/span>&lt;span style="display:flex;">&lt;span>
&lt;/span>&lt;/span>&lt;span style="display:flex;">&lt;span>言語: Java(Spring Boot)/React
&lt;/span>&lt;/span>&lt;/code>&lt;/pre>&lt;/div>&lt;hr>
&lt;h3 id="robot-出力例">&amp;#x1f916; 出力例&lt;/h3>
&lt;div class="highlight">&lt;pre tabindex="0" style="background-color:#f8f8f8;-moz-tab-size:4;-o-tab-size:4;tab-size:4;">&lt;code class="language-plaintext" data-lang="plaintext">&lt;span style="display:flex;">&lt;span>【タスクリスト】
&lt;/span>&lt;/span>&lt;span style="display:flex;">&lt;span>
&lt;/span>&lt;/span>&lt;span style="display:flex;">&lt;span>1. [TICKET-IMG01] フロントエンド：画像アップロードUIの作成
&lt;/span>&lt;/span>&lt;span style="display:flex;">&lt;span> - 作業内容:
&lt;/span>&lt;/span>&lt;span style="display:flex;">&lt;span> - Reactのメッセージ送信フォームに「画像選択ボタン」を追加
&lt;/span>&lt;/span>&lt;span style="display:flex;">&lt;span> - 選択した画像のプレビュー表示
&lt;/span>&lt;/span>&lt;span style="display:flex;">&lt;span> - &amp;lt;input type=&amp;#34;file&amp;#34; ...&amp;gt; を利用してファイルハンドリング
&lt;/span>&lt;/span>&lt;span style="display:flex;">&lt;span> - 想定工数: 2日
&lt;/span>&lt;/span>&lt;span style="display:flex;">&lt;span>
&lt;/span>&lt;/span>&lt;span style="display:flex;">&lt;span>2. [TICKET-IMG02] サーバーサイド: 画像アップロードAPIの作成
&lt;/span>&lt;/span>&lt;span style="display:flex;">&lt;span> - 作業内容:
&lt;/span>&lt;/span>&lt;span style="display:flex;">&lt;span> - Spring Bootで POST /api/messages/upload 等のエンドポイントを実装
&lt;/span>&lt;/span>&lt;span style="display:flex;">&lt;span> - MultipartFileを受け取り、S3やローカルフォルダに保存
&lt;/span>&lt;/span>&lt;span style="display:flex;">&lt;span> - 画像のURLを返却してメッセージDBに紐付け
&lt;/span>&lt;/span>&lt;span style="display:flex;">&lt;span> - 想定工数: 3日
&lt;/span>&lt;/span>&lt;span style="display:flex;">&lt;span>
&lt;/span>&lt;/span>&lt;span style="display:flex;">&lt;span>3. [TICKET-IMG03] メッセージDBスキーマ拡張
&lt;/span>&lt;/span>&lt;span style="display:flex;">&lt;span> - 作業内容:
&lt;/span>&lt;/span>&lt;span style="display:flex;">&lt;span> - messagesテーブルに imageUrl カラムを追加
&lt;/span>&lt;/span>&lt;span style="display:flex;">&lt;span> - FlywayやLiquibaseでマイグレーション
&lt;/span>&lt;/span>&lt;span style="display:flex;">&lt;span> - 既存メッセージ送信ロジックと連動
&lt;/span>&lt;/span>&lt;span style="display:flex;">&lt;span> - 想定工数: 1日
&lt;/span>&lt;/span>&lt;span style="display:flex;">&lt;span>
&lt;/span>&lt;/span>&lt;span style="display:flex;">&lt;span>4. [TICKET-IMG04] フロントエンド: 画像表示対応
&lt;/span>&lt;/span>&lt;span style="display:flex;">&lt;span> - 作業内容:
&lt;/span>&lt;/span>&lt;span style="display:flex;">&lt;span> - 受信メッセージに imageUrl があれば &amp;lt;img&amp;gt; タグで表示
&lt;/span>&lt;/span>&lt;span style="display:flex;">&lt;span> - サムネイル or フルサイズ表示を検討
&lt;/span>&lt;/span>&lt;span style="display:flex;">&lt;span> - 想定工数: 2日
&lt;/span>&lt;/span>&lt;span style="display:flex;">&lt;span>
&lt;/span>&lt;/span>&lt;span style="display:flex;">&lt;span>5. [TICKET-IMG05] 通知に「画像あり」情報を付加
&lt;/span>&lt;/span>&lt;span style="display:flex;">&lt;span> - 作業内容:
&lt;/span>&lt;/span>&lt;span style="display:flex;">&lt;span> - サーバーサイドでPush通知やWebSocket通知に &amp;#34;hasImage&amp;#34;フラグを付与
&lt;/span>&lt;/span>&lt;span style="display:flex;">&lt;span> - フロント側の通知に「画像付きメッセージ」表示
&lt;/span>&lt;/span>&lt;span style="display:flex;">&lt;span> - 想定工数: 1日
&lt;/span>&lt;/span>&lt;/code>&lt;/pre>&lt;/div>&lt;p>Copilot が&lt;strong>複数タスク&lt;/strong>に分割し、それぞれ&lt;strong>作業内容&lt;/strong>や&lt;strong>想定工数&lt;/strong>を提案。担当者や優先度を加えれば、そのままJIRAやGitHub Projects等に転記可能です。&lt;/p>
&lt;hr>
&lt;h3 id="memo-練習">&amp;#x1f4dd; 練習&lt;/h3>
&lt;ol>
&lt;li>&lt;strong>サブタスクをさらに細分化&lt;/strong>
&lt;ul>
&lt;li>例: 「UIデザイン」「ユニットテスト」「ログイン必須チェック」など → Copilotがどう再分割を提案するか&lt;/li>
&lt;/ul>
&lt;/li>
&lt;li>&lt;strong>別の工数表示&lt;/strong>
&lt;ul>
&lt;li>「ストーリーポイントで見積もって」と指示 → Copilotが数値の尺度を変えるか確認&lt;/li>
&lt;/ul>
&lt;/li>
&lt;li>&lt;strong>他の言語/フレームワーク&lt;/strong>
&lt;ul>
&lt;li>「Node.js + Vue.js前提のタスクリストに変えて」と言う → Copilotはタスク内容をどう修正するか観察&lt;/li>
&lt;/ul>
&lt;/li>
&lt;/ol>
&lt;hr>
&lt;h2 id="まとめ">まとめ&lt;/h2>
&lt;ul>
&lt;li>&lt;strong>1つの機能要件&lt;/strong>をCopilotで&lt;strong>複数チケット&lt;/strong>に自動分割 → 「作業内容」「想定工数」も一括提案&lt;/li>
&lt;li>&lt;strong>チームメンバー&lt;/strong>で最終的に&lt;strong>優先度&lt;/strong>や&lt;strong>担当者&lt;/strong>を決定 → Copilot提案を&lt;strong>たたき台&lt;/strong>に工数や範囲を調整&lt;/li>
&lt;li>&lt;strong>大規模プロジェクト&lt;/strong>でも、機能単位で&lt;strong>チケット化&lt;/strong>する場面に応用可&lt;/li>
&lt;/ul>
&lt;p>こうしてCopilotに&lt;strong>タスクリスト作成&lt;/strong>を部分的に任せれば、&lt;strong>スプリント計画&lt;/strong>や&lt;strong>イテレーション管理&lt;/strong>をスムーズに始められます。&lt;/p></description></item><item><title>Docs: ⑤ トラブルシュート手順書の作成</title><link>/docs/step4/example-5/</link><pubDate>Mon, 01 Jan 0001 00:00:00 +0000</pubDate><guid>/docs/step4/example-5/</guid><description>
&lt;p>運用現場では、&lt;strong>ライブラリ不足&lt;/strong>などのコード起因だけでなく、&lt;strong>環境設定&lt;/strong>や&lt;strong>アクセス権&lt;/strong>といった外部要因によるエラーが発生することがよくあります。ここでは、&lt;strong>本番サーバーでの環境変数&lt;/strong>が設定されておらずアプリが起動に失敗した例をもとに、&lt;strong>GitHub Copilot&lt;/strong> を使った「トラブルシュート手順書」の作成手順を紹介します。&lt;/p>
&lt;hr>
&lt;h3 id="pen-例題---環境変数db_hostが未設定で起動失敗">&amp;#x1f58a;&amp;#xfe0f; 例題 - 環境変数(DB_HOST)が未設定で起動失敗&lt;/h3>
&lt;h4 id="シナリオ">シナリオ&lt;/h4>
&lt;ul>
&lt;li>&lt;strong>Javaアプリ&lt;/strong>を本番サーバーで起動しようとしたところ、&lt;strong>DB接続エラー&lt;/strong>が発生&lt;/li>
&lt;li>ログには「&lt;strong>DB_HOST not set or empty&lt;/strong>」「Unknown host &amp;rsquo;null&amp;rsquo;」というメッセージが出力&lt;/li>
&lt;li>ローカル環境では動くが、本番サーバーでは落ちる → つまり &lt;strong>DB_HOST&lt;/strong> 環境変数が設定されていない可能性が高い&lt;/li>
&lt;/ul>
&lt;h5 id="プロンプト例">プロンプト例&lt;/h5>
&lt;div class="highlight">&lt;pre tabindex="0" style="background-color:#f8f8f8;-moz-tab-size:4;-o-tab-size:4;tab-size:4;">&lt;code class="language-text" data-lang="text">&lt;span style="display:flex;">&lt;span>下記ログと状況を参考に、
&lt;/span>&lt;/span>&lt;span style="display:flex;">&lt;span>環境変数が未設定でアプリが起動失敗する問題に関する
&lt;/span>&lt;/span>&lt;span style="display:flex;">&lt;span>トラブルシュート手順書をMarkdownで作ってください。
&lt;/span>&lt;/span>&lt;span style="display:flex;">&lt;span>
&lt;/span>&lt;/span>&lt;span style="display:flex;">&lt;span>ログ抜粋:
&lt;/span>&lt;/span>&lt;span style="display:flex;">&lt;span>&amp;#34;DB_HOST not set or empty&amp;#34;
&lt;/span>&lt;/span>&lt;span style="display:flex;">&lt;span>&amp;#34;Unknown host &amp;#39;null&amp;#39;&amp;#34;
&lt;/span>&lt;/span>&lt;span style="display:flex;">&lt;span>
&lt;/span>&lt;/span>&lt;span style="display:flex;">&lt;span>状況:
&lt;/span>&lt;/span>&lt;span style="display:flex;">&lt;span>- 本番サーバーでJavaアプリを起動中
&lt;/span>&lt;/span>&lt;span style="display:flex;">&lt;span>- DB_HOSTが設定されていない
&lt;/span>&lt;/span>&lt;span style="display:flex;">&lt;span>
&lt;/span>&lt;/span>&lt;span style="display:flex;">&lt;span>手順書には以下を含めて:
&lt;/span>&lt;/span>&lt;span style="display:flex;">&lt;span>1) 原因の概要
&lt;/span>&lt;/span>&lt;span style="display:flex;">&lt;span>2) 対処手順(例: Linux環境で環境変数を設定する方法)
&lt;/span>&lt;/span>&lt;span style="display:flex;">&lt;span>3) 再発防止策
&lt;/span>&lt;/span>&lt;/code>&lt;/pre>&lt;/div>&lt;hr>
&lt;h3 id="robot-出力例">&amp;#x1f916; 出力例&lt;/h3>
&lt;div class="highlight">&lt;pre tabindex="0" style="background-color:#f8f8f8;-moz-tab-size:4;-o-tab-size:4;tab-size:4;">&lt;code class="language-markdown" data-lang="markdown">&lt;span style="display:flex;">&lt;span>&lt;span style="color:#000080;font-weight:bold"># トラブルシュート手順書 - 環境変数(DB_HOST)未設定による起動失敗
&lt;/span>&lt;/span>&lt;/span>&lt;span style="display:flex;">&lt;span>&lt;span style="color:#000080;font-weight:bold">&lt;/span>
&lt;/span>&lt;/span>&lt;span style="display:flex;">&lt;span>&lt;span style="color:#800080;font-weight:bold">## 1. 原因の概要
&lt;/span>&lt;/span>&lt;/span>&lt;span style="display:flex;">&lt;span>&lt;span style="color:#800080;font-weight:bold">&lt;/span>&lt;span style="color:#204a87;font-weight:bold">-&lt;/span> アプリの起動時に &lt;span style="color:#4e9a06">`DB_HOST`&lt;/span> 環境変数が設定されておらず、ログに &amp;#34;DB_HOST not set or empty&amp;#34; と記録
&lt;/span>&lt;/span>&lt;span style="display:flex;">&lt;span>&lt;span style="color:#204a87;font-weight:bold">-&lt;/span> DB接続先が null 扱いとなり、接続エラーが発生
&lt;/span>&lt;/span>&lt;span style="display:flex;">&lt;span>
&lt;/span>&lt;/span>&lt;span style="display:flex;">&lt;span>&lt;span style="color:#800080;font-weight:bold">## 2. 対処手順
&lt;/span>&lt;/span>&lt;/span>&lt;span style="display:flex;">&lt;span>&lt;span style="color:#800080;font-weight:bold">&lt;/span>
&lt;/span>&lt;/span>&lt;span style="display:flex;">&lt;span>&lt;span style="color:#800080;font-weight:bold">### 2-1. Linux 環境での環境変数設定
&lt;/span>&lt;/span>&lt;/span>&lt;span style="display:flex;">&lt;span>&lt;span style="color:#800080;font-weight:bold">&lt;/span>&lt;span style="color:#204a87;font-weight:bold">1.&lt;/span> サーバーにSSHでログイン
&lt;/span>&lt;/span>&lt;span style="display:flex;">&lt;span>&lt;span style="color:#204a87;font-weight:bold">2.&lt;/span> &lt;span style="color:#4e9a06">`~/.bashrc`&lt;/span> などに以下を追記 (例):
&lt;/span>&lt;/span>&lt;span style="display:flex;">&lt;span> export DB_HOST=&amp;#34;your-db-hostname&amp;#34;
&lt;/span>&lt;/span>&lt;span style="display:flex;">&lt;span>&lt;span style="color:#204a87;font-weight:bold">3.&lt;/span> &lt;span style="color:#4e9a06">`. ~/.bashrc`&lt;/span> を実行して反映し、再度アプリを起動
&lt;/span>&lt;/span>&lt;span style="display:flex;">&lt;span>&lt;span style="color:#204a87;font-weight:bold">4.&lt;/span> Systemd経由で起動している場合は、`/etc/systemd/system/myapp.service` に Environment設定を追加する方法も可
&lt;/span>&lt;/span>&lt;span style="display:flex;">&lt;span>
&lt;/span>&lt;/span>&lt;span style="display:flex;">&lt;span>&lt;span style="color:#800080;font-weight:bold">### 2-2. Dockerコンテナ環境で設定する場合
&lt;/span>&lt;/span>&lt;/span>&lt;span style="display:flex;">&lt;span>&lt;span style="color:#800080;font-weight:bold">&lt;/span>&lt;span style="color:#204a87;font-weight:bold">1.&lt;/span> Docker run 時に &lt;span style="color:#4e9a06">`-e`&lt;/span> オプションを使う:
&lt;/span>&lt;/span>&lt;span style="display:flex;">&lt;span> docker run -e DB_HOST=&amp;#34;your-db-hostname&amp;#34; -p 8080:8080 myjavaapp:latest
&lt;/span>&lt;/span>&lt;span style="display:flex;">&lt;span>&lt;span style="color:#204a87;font-weight:bold">2.&lt;/span> &lt;span style="color:#4e9a06">`docker-compose.yml`&lt;/span> を使う場合は環境変数セクションに &lt;span style="color:#4e9a06">`DB_HOST: &amp;#34;your-db-hostname&amp;#34;`&lt;/span> を追加
&lt;/span>&lt;/span>&lt;span style="display:flex;">&lt;span>
&lt;/span>&lt;/span>&lt;span style="display:flex;">&lt;span>&lt;span style="color:#800080;font-weight:bold">### 2-3. Javaコード側の確認
&lt;/span>&lt;/span>&lt;/span>&lt;span style="display:flex;">&lt;span>&lt;span style="color:#800080;font-weight:bold">&lt;/span>&lt;span style="color:#204a87;font-weight:bold">-&lt;/span> &lt;span style="color:#4e9a06">`System.getenv(&amp;#34;DB_HOST&amp;#34;)`&lt;/span> が正しく値を取得できるかログ出力
&lt;/span>&lt;/span>&lt;span style="display:flex;">&lt;span>&lt;span style="color:#204a87;font-weight:bold">-&lt;/span> 必須の環境変数が無い場合は起動時にエラー表示するなどの処理を入れる
&lt;/span>&lt;/span>&lt;span style="display:flex;">&lt;span>
&lt;/span>&lt;/span>&lt;span style="display:flex;">&lt;span>&lt;span style="color:#800080;font-weight:bold">## 3. 再発防止策
&lt;/span>&lt;/span>&lt;/span>&lt;span style="display:flex;">&lt;span>&lt;span style="color:#800080;font-weight:bold">&lt;/span>&lt;span style="color:#204a87;font-weight:bold">1.&lt;/span> &lt;span style="color:#000;font-weight:bold">**環境変数の事前チェック**&lt;/span>
&lt;/span>&lt;/span>&lt;span style="display:flex;">&lt;span> &lt;span style="color:#204a87;font-weight:bold">-&lt;/span> 起動スクリプトやCI/CDパイプラインで &lt;span style="color:#4e9a06">`DB_HOST`&lt;/span> が設定されているか検証
&lt;/span>&lt;/span>&lt;span style="display:flex;">&lt;span>&lt;span style="color:#204a87;font-weight:bold">2.&lt;/span> &lt;span style="color:#000;font-weight:bold">**ドキュメント化**&lt;/span>
&lt;/span>&lt;/span>&lt;span style="display:flex;">&lt;span> &lt;span style="color:#204a87;font-weight:bold">-&lt;/span> この設定内容を運用手順書やReadmeに明記し、オンボーディング時に参照
&lt;/span>&lt;/span>&lt;span style="display:flex;">&lt;span>&lt;span style="color:#204a87;font-weight:bold">3.&lt;/span> &lt;span style="color:#000;font-weight:bold">**ローカルと本番の差分管理**&lt;/span>
&lt;/span>&lt;/span>&lt;span style="display:flex;">&lt;span> &lt;span style="color:#204a87;font-weight:bold">-&lt;/span> local-envファイルと本番サーバーの設定を比較しやすくする
&lt;/span>&lt;/span>&lt;/code>&lt;/pre>&lt;/div>&lt;p>Copilot は&lt;strong>原因の概要&lt;/strong>と&lt;strong>対処手順&lt;/strong>（例: Linuxでの環境変数設定 / Docker実行時の &lt;code>-e&lt;/code> オプション / Java側の確認）をMarkdown形式でまとめて提案してくれます。&lt;/p>
&lt;hr>
&lt;h3 id="memo-練習">&amp;#x1f4dd; 練習&lt;/h3>
&lt;ol>
&lt;li>&lt;strong>長いログからの抜粋&lt;/strong>
&lt;ul>
&lt;li>より多くのエラー行がある場合、それを含めて「ログ内容も一緒に要約して」と依頼&lt;/li>
&lt;/ul>
&lt;/li>
&lt;li>&lt;strong>Pull Request で手順書をレビュー&lt;/strong>
&lt;ul>
&lt;li>Copilot が作成したMarkdownをチームでレビュー＆加筆 →　Wiki などに共有&lt;/li>
&lt;/ul>
&lt;/li>
&lt;li>&lt;strong>ターミナルで起きた問題をもとに手順書を作成&lt;/strong>
&lt;ul>
&lt;li>「#terminalSelection」を使い、実際に自分が行った作業をもとにトラブルシュート手順を作成させるのも有効&lt;/li>
&lt;/ul>
&lt;/li>
&lt;/ol>
&lt;hr>
&lt;h2 id="まとめ">まとめ&lt;/h2>
&lt;ul>
&lt;li>&lt;strong>環境変数未設定&lt;/strong>などの環境起因トラブルでも、&lt;strong>Copilot&lt;/strong> に「原因+ログ」を渡すと&lt;strong>Markdown手順書&lt;/strong>をすばやく生成&lt;/li>
&lt;li>Linux環境やDockerなど、&lt;strong>一般的な設定手順&lt;/strong>をコードブロック付きで提案&lt;/li>
&lt;li>最終的な&lt;strong>内容チェック&lt;/strong>は人間が行い、チームで合意 → 運用手順書として共有&lt;/li>
&lt;/ul>
&lt;p>こうして、運用フェーズでよくある&lt;strong>環境設定ミス&lt;/strong>にも、&lt;strong>Copilot&lt;/strong> を活用して&lt;strong>スピーディに対処手順&lt;/strong>をまとめ、&lt;strong>再発防止&lt;/strong>にも役立ちます。&lt;/p></description></item><item><title>Docs: ⑥ 運用手順書の作成</title><link>/docs/step4/example-6/</link><pubDate>Mon, 01 Jan 0001 00:00:00 +0000</pubDate><guid>/docs/step4/example-6/</guid><description>
&lt;p>&lt;strong>運用フェーズ&lt;/strong>では、定期的に行う&lt;strong>本番反映（デプロイ）&lt;strong>などのルーティンがあり、作業手順を&lt;/strong>ドキュメント化&lt;/strong>しておくことが重要です。ここでは、「&lt;strong>週次で本番環境に反映するフロー&lt;/strong>」を例に、&lt;strong>GitHub Copilot&lt;/strong> を活用して&lt;strong>運用手順書&lt;/strong>を自動生成する方法を示します。ただし、本シナリオは特定クラウドではなく、一般的なサーバー環境での手順を想定します。&lt;/p>
&lt;hr>
&lt;h3 id="pen-例題">&amp;#x1f58a;&amp;#xfe0f; 例題&lt;/h3>
&lt;p>&lt;strong>シナリオ&lt;/strong>: 毎週水曜に&lt;strong>ステージング→本番&lt;/strong>への反映を実行。&lt;strong>バージョンタグ&lt;/strong>を付与して本番へデプロイし、&lt;strong>SmokeTest&lt;/strong>や&lt;strong>ログ確認&lt;/strong>を行う。&lt;/p>
&lt;h4 id="プロンプト例">プロンプト例&lt;/h4>
&lt;div class="highlight">&lt;pre tabindex="0" style="background-color:#f8f8f8;-moz-tab-size:4;-o-tab-size:4;tab-size:4;">&lt;code class="language-text" data-lang="text">&lt;span style="display:flex;">&lt;span>週次で行う本番反映手順書をMarkdownで作ってください。
&lt;/span>&lt;/span>&lt;span style="display:flex;">&lt;span>以下のポイントを含めて:
&lt;/span>&lt;/span>&lt;span style="display:flex;">&lt;span>1) GitHub上でバージョンタグを付ける
&lt;/span>&lt;/span>&lt;span style="display:flex;">&lt;span>2) サーバーへのデプロイ（Java17アプリ）
&lt;/span>&lt;/span>&lt;span style="display:flex;">&lt;span>3) SmokeTestの実施
&lt;/span>&lt;/span>&lt;span style="display:flex;">&lt;span>4) ログ確認
&lt;/span>&lt;/span>&lt;span style="display:flex;">&lt;span>
&lt;/span>&lt;/span>&lt;span style="display:flex;">&lt;span>対象アプリ: Java 17
&lt;/span>&lt;/span>&lt;/code>&lt;/pre>&lt;/div>&lt;hr>
&lt;h3 id="robot-出力例">&amp;#x1f916; 出力例&lt;/h3>
&lt;div class="highlight">&lt;pre tabindex="0" style="background-color:#f8f8f8;-moz-tab-size:4;-o-tab-size:4;tab-size:4;">&lt;code class="language-markdown" data-lang="markdown">&lt;span style="display:flex;">&lt;span>&lt;span style="color:#000080;font-weight:bold"># 週次本番反映手順書
&lt;/span>&lt;/span>&lt;/span>&lt;span style="display:flex;">&lt;span>&lt;span style="color:#000080;font-weight:bold">&lt;/span>
&lt;/span>&lt;/span>&lt;span style="display:flex;">&lt;span>&lt;span style="color:#800080;font-weight:bold">## 前提
&lt;/span>&lt;/span>&lt;/span>&lt;span style="display:flex;">&lt;span>&lt;span style="color:#800080;font-weight:bold">&lt;/span>&lt;span style="color:#204a87;font-weight:bold">-&lt;/span> ステージング環境でテスト完了済み
&lt;/span>&lt;/span>&lt;span style="display:flex;">&lt;span>&lt;span style="color:#204a87;font-weight:bold">-&lt;/span> main ブランチに修正がマージされている
&lt;/span>&lt;/span>&lt;span style="display:flex;">&lt;span>
&lt;/span>&lt;/span>&lt;span style="display:flex;">&lt;span>&lt;span style="color:#800080;font-weight:bold">## 1. バージョンタグ付与
&lt;/span>&lt;/span>&lt;/span>&lt;span style="display:flex;">&lt;span>&lt;span style="color:#800080;font-weight:bold">&lt;/span>&lt;span style="color:#204a87;font-weight:bold">1.&lt;/span> ローカルで最新コードを取得
&lt;/span>&lt;/span>&lt;span style="display:flex;">&lt;span> git checkout main
&lt;/span>&lt;/span>&lt;span style="display:flex;">&lt;span> git pull origin main
&lt;/span>&lt;/span>&lt;span style="display:flex;">&lt;span>&lt;span style="color:#204a87;font-weight:bold">2.&lt;/span> バージョンタグを作成 (例: &lt;span style="color:#4e9a06">`v1.2.3`&lt;/span>)
&lt;/span>&lt;/span>&lt;span style="display:flex;">&lt;span> git tag v1.2.3
&lt;/span>&lt;/span>&lt;span style="display:flex;">&lt;span> git push origin v1.2.3
&lt;/span>&lt;/span>&lt;span style="display:flex;">&lt;span>
&lt;/span>&lt;/span>&lt;span style="display:flex;">&lt;span>&lt;span style="color:#800080;font-weight:bold">## 2. サーバーへのデプロイ
&lt;/span>&lt;/span>&lt;/span>&lt;span style="display:flex;">&lt;span>&lt;span style="color:#800080;font-weight:bold">&lt;/span>&lt;span style="color:#204a87;font-weight:bold">1.&lt;/span> コードをビルド (例: Maven)
&lt;/span>&lt;/span>&lt;span style="display:flex;">&lt;span> mvn clean package
&lt;/span>&lt;/span>&lt;span style="display:flex;">&lt;span>&lt;span style="color:#204a87;font-weight:bold">2.&lt;/span> デプロイ用スクリプトを実行 (例: &lt;span style="color:#4e9a06">`deploy.sh`&lt;/span>)
&lt;/span>&lt;/span>&lt;span style="display:flex;">&lt;span> ./deploy.sh v1.2.3
&lt;/span>&lt;/span>&lt;span style="display:flex;">&lt;span> &lt;span style="color:#204a87;font-weight:bold">-&lt;/span> &lt;span style="color:#4e9a06">`deploy.sh`&lt;/span> 内でサーバーへのSSHやファイル転送(SCP/rsync)を実行
&lt;/span>&lt;/span>&lt;span style="display:flex;">&lt;span> &lt;span style="color:#204a87;font-weight:bold">-&lt;/span> Java17で動作する環境がサーバーに用意されている前提
&lt;/span>&lt;/span>&lt;span style="display:flex;">&lt;span>
&lt;/span>&lt;/span>&lt;span style="display:flex;">&lt;span>&lt;span style="color:#800080;font-weight:bold">## 3. SmokeTest の実施
&lt;/span>&lt;/span>&lt;/span>&lt;span style="display:flex;">&lt;span>&lt;span style="color:#800080;font-weight:bold">&lt;/span>&lt;span style="color:#204a87;font-weight:bold">1.&lt;/span> 本番URLにアクセスして主要機能を確認 (ログイン/メッセージ送信など)
&lt;/span>&lt;/span>&lt;span style="display:flex;">&lt;span>&lt;span style="color:#204a87;font-weight:bold">2.&lt;/span> 重大エラーが発生しないか軽くテスト
&lt;/span>&lt;/span>&lt;span style="display:flex;">&lt;span>&lt;span style="color:#204a87;font-weight:bold">3.&lt;/span> 問題あれば、デプロイ前のバージョンへロールバックを検討
&lt;/span>&lt;/span>&lt;span style="display:flex;">&lt;span>
&lt;/span>&lt;/span>&lt;span style="display:flex;">&lt;span>&lt;span style="color:#800080;font-weight:bold">## 4. ログ確認
&lt;/span>&lt;/span>&lt;/span>&lt;span style="display:flex;">&lt;span>&lt;span style="color:#800080;font-weight:bold">&lt;/span>&lt;span style="color:#204a87;font-weight:bold">1.&lt;/span> サーバーにSSHでログイン
&lt;/span>&lt;/span>&lt;span style="display:flex;">&lt;span>&lt;span style="color:#204a87;font-weight:bold">2.&lt;/span> アプリのログファイル (例: &lt;span style="color:#4e9a06">`/var/log/myapp.log`&lt;/span>) を tail/grep で確認
&lt;/span>&lt;/span>&lt;span style="display:flex;">&lt;span> tail -f /var/log/myapp.log
&lt;/span>&lt;/span>&lt;span style="display:flex;">&lt;span>&lt;span style="color:#204a87;font-weight:bold">3.&lt;/span> エラーや警告が出ていないかチェック
&lt;/span>&lt;/span>&lt;span style="display:flex;">&lt;span>
&lt;/span>&lt;/span>&lt;span style="display:flex;">&lt;span>&lt;span style="color:#800080;font-weight:bold">## 補足
&lt;/span>&lt;/span>&lt;/span>&lt;span style="display:flex;">&lt;span>&lt;span style="color:#800080;font-weight:bold">&lt;/span>&lt;span style="color:#204a87;font-weight:bold">-&lt;/span> 大きな機能追加時は DBマイグレーションが必要な場合あり
&lt;/span>&lt;/span>&lt;span style="display:flex;">&lt;span>&lt;span style="color:#204a87;font-weight:bold">-&lt;/span> リリース後24時間はログ重点監視を行い、問題があれば速やかにロールバック
&lt;/span>&lt;/span>&lt;/code>&lt;/pre>&lt;/div>&lt;p>Copilot は&lt;strong>Markdown形式&lt;/strong>で作業手順を整理し、&lt;strong>コマンド例&lt;/strong>や&lt;strong>チェックポイント&lt;/strong>を合わせて提案してくれます。&lt;/p>
&lt;hr>
&lt;h3 id="memo-練習">&amp;#x1f4dd; 練習&lt;/h3>
&lt;ol>
&lt;li>&lt;strong>他のホスティング方法&lt;/strong>
&lt;ul>
&lt;li>例: 「Dockerでコンテナを再起動する」「systemdでサービスを再起動する」と指定&lt;/li>
&lt;li>Copilotがどのようなコマンド例を提案するか確認&lt;/li>
&lt;/ul>
&lt;/li>
&lt;li>&lt;strong>通知や監視ツール連携&lt;/strong>
&lt;ul>
&lt;li>「デプロイ後にSlack通知」「New RelicでAPMをチェック」などを追加依頼&lt;/li>
&lt;/ul>
&lt;/li>
&lt;li>&lt;strong>Pull Requestで手順書をレビュー&lt;/strong>
&lt;ul>
&lt;li>Copilotの出力をチームがPRでレビューし、細部を加筆 → 運用フローを最新版に常に更新&lt;/li>
&lt;/ul>
&lt;/li>
&lt;/ol>
&lt;hr>
&lt;h2 id="まとめ">まとめ&lt;/h2>
&lt;ul>
&lt;li>&lt;strong>定期的な本番反映&lt;/strong>の流れは&lt;strong>常に同じ&lt;/strong> → &lt;strong>Copilot&lt;/strong> で&lt;strong>手順書&lt;/strong>を素早く生成 → チーム全員が&lt;strong>統一したドキュメント&lt;/strong>で作業&lt;/li>
&lt;li>&lt;strong>CLIコマンド&lt;/strong>や&lt;strong>確認手順&lt;/strong>までMarkdown化 → &lt;strong>リポジトリやWiki&lt;/strong>で共有&lt;/li>
&lt;li>&lt;strong>Pull Request&lt;/strong>で加筆修正 → &lt;strong>継続的に改善&lt;/strong>しながら標準化を進める&lt;/li>
&lt;/ul>
&lt;p>こうして&lt;strong>Copilot&lt;/strong> を使った&lt;strong>運用手順書&lt;/strong>の作成により、&lt;strong>人為ミス&lt;/strong>を減らし、&lt;strong>作業の標準化&lt;/strong>や&lt;strong>チーム学習&lt;/strong>が効率的に進みます。&lt;/p></description></item></channel></rss>