<rss version="2.0" xmlns:atom="http://www.w3.org/2005/Atom"><channel><title>GitHub Copilot ハンズオン – 運用</title><link>/categories/%E9%81%8B%E7%94%A8/</link><description>Recent content in 運用 on GitHub Copilot ハンズオン</description><generator>Hugo -- gohugo.io</generator><language>ja</language><atom:link href="/categories/%E9%81%8B%E7%94%A8/index.xml" rel="self" type="application/rss+xml"/><item><title>Docs: ⑤ トラブルシュート手順書の作成</title><link>/docs/step4/example-5/</link><pubDate>Mon, 01 Jan 0001 00:00:00 +0000</pubDate><guid>/docs/step4/example-5/</guid><description>
&lt;p>運用現場では、&lt;strong>ライブラリ不足&lt;/strong>などのコード起因だけでなく、&lt;strong>環境設定&lt;/strong>や&lt;strong>アクセス権&lt;/strong>といった外部要因によるエラーが発生することがよくあります。ここでは、&lt;strong>本番サーバーでの環境変数&lt;/strong>が設定されておらずアプリが起動に失敗した例をもとに、&lt;strong>GitHub Copilot&lt;/strong> を使った「トラブルシュート手順書」の作成手順を紹介します。&lt;/p>
&lt;hr>
&lt;h3 id="pen-例題---環境変数db_hostが未設定で起動失敗">&amp;#x1f58a;&amp;#xfe0f; 例題 - 環境変数(DB_HOST)が未設定で起動失敗&lt;/h3>
&lt;h4 id="シナリオ">シナリオ&lt;/h4>
&lt;ul>
&lt;li>&lt;strong>Javaアプリ&lt;/strong>を本番サーバーで起動しようとしたところ、&lt;strong>DB接続エラー&lt;/strong>が発生&lt;/li>
&lt;li>ログには「&lt;strong>DB_HOST not set or empty&lt;/strong>」「Unknown host &amp;rsquo;null&amp;rsquo;」というメッセージが出力&lt;/li>
&lt;li>ローカル環境では動くが、本番サーバーでは落ちる → つまり &lt;strong>DB_HOST&lt;/strong> 環境変数が設定されていない可能性が高い&lt;/li>
&lt;/ul>
&lt;h5 id="プロンプト例">プロンプト例&lt;/h5>
&lt;div class="highlight">&lt;pre tabindex="0" style="background-color:#f8f8f8;-moz-tab-size:4;-o-tab-size:4;tab-size:4;">&lt;code class="language-text" data-lang="text">&lt;span style="display:flex;">&lt;span>下記ログと状況を参考に、
&lt;/span>&lt;/span>&lt;span style="display:flex;">&lt;span>環境変数が未設定でアプリが起動失敗する問題に関する
&lt;/span>&lt;/span>&lt;span style="display:flex;">&lt;span>トラブルシュート手順書をMarkdownで作ってください。
&lt;/span>&lt;/span>&lt;span style="display:flex;">&lt;span>
&lt;/span>&lt;/span>&lt;span style="display:flex;">&lt;span>ログ抜粋:
&lt;/span>&lt;/span>&lt;span style="display:flex;">&lt;span>&amp;#34;DB_HOST not set or empty&amp;#34;
&lt;/span>&lt;/span>&lt;span style="display:flex;">&lt;span>&amp;#34;Unknown host &amp;#39;null&amp;#39;&amp;#34;
&lt;/span>&lt;/span>&lt;span style="display:flex;">&lt;span>
&lt;/span>&lt;/span>&lt;span style="display:flex;">&lt;span>状況:
&lt;/span>&lt;/span>&lt;span style="display:flex;">&lt;span>- 本番サーバーでJavaアプリを起動中
&lt;/span>&lt;/span>&lt;span style="display:flex;">&lt;span>- DB_HOSTが設定されていない
&lt;/span>&lt;/span>&lt;span style="display:flex;">&lt;span>
&lt;/span>&lt;/span>&lt;span style="display:flex;">&lt;span>手順書には以下を含めて:
&lt;/span>&lt;/span>&lt;span style="display:flex;">&lt;span>1) 原因の概要
&lt;/span>&lt;/span>&lt;span style="display:flex;">&lt;span>2) 対処手順(例: Linux環境で環境変数を設定する方法)
&lt;/span>&lt;/span>&lt;span style="display:flex;">&lt;span>3) 再発防止策
&lt;/span>&lt;/span>&lt;/code>&lt;/pre>&lt;/div>&lt;hr>
&lt;h3 id="robot-出力例">&amp;#x1f916; 出力例&lt;/h3>
&lt;div class="highlight">&lt;pre tabindex="0" style="background-color:#f8f8f8;-moz-tab-size:4;-o-tab-size:4;tab-size:4;">&lt;code class="language-markdown" data-lang="markdown">&lt;span style="display:flex;">&lt;span>&lt;span style="color:#000080;font-weight:bold"># トラブルシュート手順書 - 環境変数(DB_HOST)未設定による起動失敗
&lt;/span>&lt;/span>&lt;/span>&lt;span style="display:flex;">&lt;span>&lt;span style="color:#000080;font-weight:bold">&lt;/span>
&lt;/span>&lt;/span>&lt;span style="display:flex;">&lt;span>&lt;span style="color:#800080;font-weight:bold">## 1. 原因の概要
&lt;/span>&lt;/span>&lt;/span>&lt;span style="display:flex;">&lt;span>&lt;span style="color:#800080;font-weight:bold">&lt;/span>&lt;span style="color:#204a87;font-weight:bold">-&lt;/span> アプリの起動時に &lt;span style="color:#4e9a06">`DB_HOST`&lt;/span> 環境変数が設定されておらず、ログに &amp;#34;DB_HOST not set or empty&amp;#34; と記録
&lt;/span>&lt;/span>&lt;span style="display:flex;">&lt;span>&lt;span style="color:#204a87;font-weight:bold">-&lt;/span> DB接続先が null 扱いとなり、接続エラーが発生
&lt;/span>&lt;/span>&lt;span style="display:flex;">&lt;span>
&lt;/span>&lt;/span>&lt;span style="display:flex;">&lt;span>&lt;span style="color:#800080;font-weight:bold">## 2. 対処手順
&lt;/span>&lt;/span>&lt;/span>&lt;span style="display:flex;">&lt;span>&lt;span style="color:#800080;font-weight:bold">&lt;/span>
&lt;/span>&lt;/span>&lt;span style="display:flex;">&lt;span>&lt;span style="color:#800080;font-weight:bold">### 2-1. Linux 環境での環境変数設定
&lt;/span>&lt;/span>&lt;/span>&lt;span style="display:flex;">&lt;span>&lt;span style="color:#800080;font-weight:bold">&lt;/span>&lt;span style="color:#204a87;font-weight:bold">1.&lt;/span> サーバーにSSHでログイン
&lt;/span>&lt;/span>&lt;span style="display:flex;">&lt;span>&lt;span style="color:#204a87;font-weight:bold">2.&lt;/span> &lt;span style="color:#4e9a06">`~/.bashrc`&lt;/span> などに以下を追記 (例):
&lt;/span>&lt;/span>&lt;span style="display:flex;">&lt;span> export DB_HOST=&amp;#34;your-db-hostname&amp;#34;
&lt;/span>&lt;/span>&lt;span style="display:flex;">&lt;span>&lt;span style="color:#204a87;font-weight:bold">3.&lt;/span> &lt;span style="color:#4e9a06">`. ~/.bashrc`&lt;/span> を実行して反映し、再度アプリを起動
&lt;/span>&lt;/span>&lt;span style="display:flex;">&lt;span>&lt;span style="color:#204a87;font-weight:bold">4.&lt;/span> Systemd経由で起動している場合は、`/etc/systemd/system/myapp.service` に Environment設定を追加する方法も可
&lt;/span>&lt;/span>&lt;span style="display:flex;">&lt;span>
&lt;/span>&lt;/span>&lt;span style="display:flex;">&lt;span>&lt;span style="color:#800080;font-weight:bold">### 2-2. Dockerコンテナ環境で設定する場合
&lt;/span>&lt;/span>&lt;/span>&lt;span style="display:flex;">&lt;span>&lt;span style="color:#800080;font-weight:bold">&lt;/span>&lt;span style="color:#204a87;font-weight:bold">1.&lt;/span> Docker run 時に &lt;span style="color:#4e9a06">`-e`&lt;/span> オプションを使う:
&lt;/span>&lt;/span>&lt;span style="display:flex;">&lt;span> docker run -e DB_HOST=&amp;#34;your-db-hostname&amp;#34; -p 8080:8080 myjavaapp:latest
&lt;/span>&lt;/span>&lt;span style="display:flex;">&lt;span>&lt;span style="color:#204a87;font-weight:bold">2.&lt;/span> &lt;span style="color:#4e9a06">`docker-compose.yml`&lt;/span> を使う場合は環境変数セクションに &lt;span style="color:#4e9a06">`DB_HOST: &amp;#34;your-db-hostname&amp;#34;`&lt;/span> を追加
&lt;/span>&lt;/span>&lt;span style="display:flex;">&lt;span>
&lt;/span>&lt;/span>&lt;span style="display:flex;">&lt;span>&lt;span style="color:#800080;font-weight:bold">### 2-3. Javaコード側の確認
&lt;/span>&lt;/span>&lt;/span>&lt;span style="display:flex;">&lt;span>&lt;span style="color:#800080;font-weight:bold">&lt;/span>&lt;span style="color:#204a87;font-weight:bold">-&lt;/span> &lt;span style="color:#4e9a06">`System.getenv(&amp;#34;DB_HOST&amp;#34;)`&lt;/span> が正しく値を取得できるかログ出力
&lt;/span>&lt;/span>&lt;span style="display:flex;">&lt;span>&lt;span style="color:#204a87;font-weight:bold">-&lt;/span> 必須の環境変数が無い場合は起動時にエラー表示するなどの処理を入れる
&lt;/span>&lt;/span>&lt;span style="display:flex;">&lt;span>
&lt;/span>&lt;/span>&lt;span style="display:flex;">&lt;span>&lt;span style="color:#800080;font-weight:bold">## 3. 再発防止策
&lt;/span>&lt;/span>&lt;/span>&lt;span style="display:flex;">&lt;span>&lt;span style="color:#800080;font-weight:bold">&lt;/span>&lt;span style="color:#204a87;font-weight:bold">1.&lt;/span> &lt;span style="color:#000;font-weight:bold">**環境変数の事前チェック**&lt;/span>
&lt;/span>&lt;/span>&lt;span style="display:flex;">&lt;span> &lt;span style="color:#204a87;font-weight:bold">-&lt;/span> 起動スクリプトやCI/CDパイプラインで &lt;span style="color:#4e9a06">`DB_HOST`&lt;/span> が設定されているか検証
&lt;/span>&lt;/span>&lt;span style="display:flex;">&lt;span>&lt;span style="color:#204a87;font-weight:bold">2.&lt;/span> &lt;span style="color:#000;font-weight:bold">**ドキュメント化**&lt;/span>
&lt;/span>&lt;/span>&lt;span style="display:flex;">&lt;span> &lt;span style="color:#204a87;font-weight:bold">-&lt;/span> この設定内容を運用手順書やReadmeに明記し、オンボーディング時に参照
&lt;/span>&lt;/span>&lt;span style="display:flex;">&lt;span>&lt;span style="color:#204a87;font-weight:bold">3.&lt;/span> &lt;span style="color:#000;font-weight:bold">**ローカルと本番の差分管理**&lt;/span>
&lt;/span>&lt;/span>&lt;span style="display:flex;">&lt;span> &lt;span style="color:#204a87;font-weight:bold">-&lt;/span> local-envファイルと本番サーバーの設定を比較しやすくする
&lt;/span>&lt;/span>&lt;/code>&lt;/pre>&lt;/div>&lt;p>Copilot は&lt;strong>原因の概要&lt;/strong>と&lt;strong>対処手順&lt;/strong>（例: Linuxでの環境変数設定 / Docker実行時の &lt;code>-e&lt;/code> オプション / Java側の確認）をMarkdown形式でまとめて提案してくれます。&lt;/p>
&lt;hr>
&lt;h3 id="memo-練習">&amp;#x1f4dd; 練習&lt;/h3>
&lt;ol>
&lt;li>&lt;strong>長いログからの抜粋&lt;/strong>
&lt;ul>
&lt;li>より多くのエラー行がある場合、それを含めて「ログ内容も一緒に要約して」と依頼&lt;/li>
&lt;/ul>
&lt;/li>
&lt;li>&lt;strong>Pull Request で手順書をレビュー&lt;/strong>
&lt;ul>
&lt;li>Copilot が作成したMarkdownをチームでレビュー＆加筆 →　Wiki などに共有&lt;/li>
&lt;/ul>
&lt;/li>
&lt;li>&lt;strong>ターミナルで起きた問題をもとに手順書を作成&lt;/strong>
&lt;ul>
&lt;li>「#terminalSelection」を使い、実際に自分が行った作業をもとにトラブルシュート手順を作成させるのも有効&lt;/li>
&lt;/ul>
&lt;/li>
&lt;/ol>
&lt;hr>
&lt;h2 id="まとめ">まとめ&lt;/h2>
&lt;ul>
&lt;li>&lt;strong>環境変数未設定&lt;/strong>などの環境起因トラブルでも、&lt;strong>Copilot&lt;/strong> に「原因+ログ」を渡すと&lt;strong>Markdown手順書&lt;/strong>をすばやく生成&lt;/li>
&lt;li>Linux環境やDockerなど、&lt;strong>一般的な設定手順&lt;/strong>をコードブロック付きで提案&lt;/li>
&lt;li>最終的な&lt;strong>内容チェック&lt;/strong>は人間が行い、チームで合意 → 運用手順書として共有&lt;/li>
&lt;/ul>
&lt;p>こうして、運用フェーズでよくある&lt;strong>環境設定ミス&lt;/strong>にも、&lt;strong>Copilot&lt;/strong> を活用して&lt;strong>スピーディに対処手順&lt;/strong>をまとめ、&lt;strong>再発防止&lt;/strong>にも役立ちます。&lt;/p></description></item><item><title>Docs: ⑥ 運用手順書の作成</title><link>/docs/step4/example-6/</link><pubDate>Mon, 01 Jan 0001 00:00:00 +0000</pubDate><guid>/docs/step4/example-6/</guid><description>
&lt;p>&lt;strong>運用フェーズ&lt;/strong>では、定期的に行う&lt;strong>本番反映（デプロイ）&lt;strong>などのルーティンがあり、作業手順を&lt;/strong>ドキュメント化&lt;/strong>しておくことが重要です。ここでは、「&lt;strong>週次で本番環境に反映するフロー&lt;/strong>」を例に、&lt;strong>GitHub Copilot&lt;/strong> を活用して&lt;strong>運用手順書&lt;/strong>を自動生成する方法を示します。ただし、本シナリオは特定クラウドではなく、一般的なサーバー環境での手順を想定します。&lt;/p>
&lt;hr>
&lt;h3 id="pen-例題">&amp;#x1f58a;&amp;#xfe0f; 例題&lt;/h3>
&lt;p>&lt;strong>シナリオ&lt;/strong>: 毎週水曜に&lt;strong>ステージング→本番&lt;/strong>への反映を実行。&lt;strong>バージョンタグ&lt;/strong>を付与して本番へデプロイし、&lt;strong>SmokeTest&lt;/strong>や&lt;strong>ログ確認&lt;/strong>を行う。&lt;/p>
&lt;h4 id="プロンプト例">プロンプト例&lt;/h4>
&lt;div class="highlight">&lt;pre tabindex="0" style="background-color:#f8f8f8;-moz-tab-size:4;-o-tab-size:4;tab-size:4;">&lt;code class="language-text" data-lang="text">&lt;span style="display:flex;">&lt;span>週次で行う本番反映手順書をMarkdownで作ってください。
&lt;/span>&lt;/span>&lt;span style="display:flex;">&lt;span>以下のポイントを含めて:
&lt;/span>&lt;/span>&lt;span style="display:flex;">&lt;span>1) GitHub上でバージョンタグを付ける
&lt;/span>&lt;/span>&lt;span style="display:flex;">&lt;span>2) サーバーへのデプロイ（Java17アプリ）
&lt;/span>&lt;/span>&lt;span style="display:flex;">&lt;span>3) SmokeTestの実施
&lt;/span>&lt;/span>&lt;span style="display:flex;">&lt;span>4) ログ確認
&lt;/span>&lt;/span>&lt;span style="display:flex;">&lt;span>
&lt;/span>&lt;/span>&lt;span style="display:flex;">&lt;span>対象アプリ: Java 17
&lt;/span>&lt;/span>&lt;/code>&lt;/pre>&lt;/div>&lt;hr>
&lt;h3 id="robot-出力例">&amp;#x1f916; 出力例&lt;/h3>
&lt;div class="highlight">&lt;pre tabindex="0" style="background-color:#f8f8f8;-moz-tab-size:4;-o-tab-size:4;tab-size:4;">&lt;code class="language-markdown" data-lang="markdown">&lt;span style="display:flex;">&lt;span>&lt;span style="color:#000080;font-weight:bold"># 週次本番反映手順書
&lt;/span>&lt;/span>&lt;/span>&lt;span style="display:flex;">&lt;span>&lt;span style="color:#000080;font-weight:bold">&lt;/span>
&lt;/span>&lt;/span>&lt;span style="display:flex;">&lt;span>&lt;span style="color:#800080;font-weight:bold">## 前提
&lt;/span>&lt;/span>&lt;/span>&lt;span style="display:flex;">&lt;span>&lt;span style="color:#800080;font-weight:bold">&lt;/span>&lt;span style="color:#204a87;font-weight:bold">-&lt;/span> ステージング環境でテスト完了済み
&lt;/span>&lt;/span>&lt;span style="display:flex;">&lt;span>&lt;span style="color:#204a87;font-weight:bold">-&lt;/span> main ブランチに修正がマージされている
&lt;/span>&lt;/span>&lt;span style="display:flex;">&lt;span>
&lt;/span>&lt;/span>&lt;span style="display:flex;">&lt;span>&lt;span style="color:#800080;font-weight:bold">## 1. バージョンタグ付与
&lt;/span>&lt;/span>&lt;/span>&lt;span style="display:flex;">&lt;span>&lt;span style="color:#800080;font-weight:bold">&lt;/span>&lt;span style="color:#204a87;font-weight:bold">1.&lt;/span> ローカルで最新コードを取得
&lt;/span>&lt;/span>&lt;span style="display:flex;">&lt;span> git checkout main
&lt;/span>&lt;/span>&lt;span style="display:flex;">&lt;span> git pull origin main
&lt;/span>&lt;/span>&lt;span style="display:flex;">&lt;span>&lt;span style="color:#204a87;font-weight:bold">2.&lt;/span> バージョンタグを作成 (例: &lt;span style="color:#4e9a06">`v1.2.3`&lt;/span>)
&lt;/span>&lt;/span>&lt;span style="display:flex;">&lt;span> git tag v1.2.3
&lt;/span>&lt;/span>&lt;span style="display:flex;">&lt;span> git push origin v1.2.3
&lt;/span>&lt;/span>&lt;span style="display:flex;">&lt;span>
&lt;/span>&lt;/span>&lt;span style="display:flex;">&lt;span>&lt;span style="color:#800080;font-weight:bold">## 2. サーバーへのデプロイ
&lt;/span>&lt;/span>&lt;/span>&lt;span style="display:flex;">&lt;span>&lt;span style="color:#800080;font-weight:bold">&lt;/span>&lt;span style="color:#204a87;font-weight:bold">1.&lt;/span> コードをビルド (例: Maven)
&lt;/span>&lt;/span>&lt;span style="display:flex;">&lt;span> mvn clean package
&lt;/span>&lt;/span>&lt;span style="display:flex;">&lt;span>&lt;span style="color:#204a87;font-weight:bold">2.&lt;/span> デプロイ用スクリプトを実行 (例: &lt;span style="color:#4e9a06">`deploy.sh`&lt;/span>)
&lt;/span>&lt;/span>&lt;span style="display:flex;">&lt;span> ./deploy.sh v1.2.3
&lt;/span>&lt;/span>&lt;span style="display:flex;">&lt;span> &lt;span style="color:#204a87;font-weight:bold">-&lt;/span> &lt;span style="color:#4e9a06">`deploy.sh`&lt;/span> 内でサーバーへのSSHやファイル転送(SCP/rsync)を実行
&lt;/span>&lt;/span>&lt;span style="display:flex;">&lt;span> &lt;span style="color:#204a87;font-weight:bold">-&lt;/span> Java17で動作する環境がサーバーに用意されている前提
&lt;/span>&lt;/span>&lt;span style="display:flex;">&lt;span>
&lt;/span>&lt;/span>&lt;span style="display:flex;">&lt;span>&lt;span style="color:#800080;font-weight:bold">## 3. SmokeTest の実施
&lt;/span>&lt;/span>&lt;/span>&lt;span style="display:flex;">&lt;span>&lt;span style="color:#800080;font-weight:bold">&lt;/span>&lt;span style="color:#204a87;font-weight:bold">1.&lt;/span> 本番URLにアクセスして主要機能を確認 (ログイン/メッセージ送信など)
&lt;/span>&lt;/span>&lt;span style="display:flex;">&lt;span>&lt;span style="color:#204a87;font-weight:bold">2.&lt;/span> 重大エラーが発生しないか軽くテスト
&lt;/span>&lt;/span>&lt;span style="display:flex;">&lt;span>&lt;span style="color:#204a87;font-weight:bold">3.&lt;/span> 問題あれば、デプロイ前のバージョンへロールバックを検討
&lt;/span>&lt;/span>&lt;span style="display:flex;">&lt;span>
&lt;/span>&lt;/span>&lt;span style="display:flex;">&lt;span>&lt;span style="color:#800080;font-weight:bold">## 4. ログ確認
&lt;/span>&lt;/span>&lt;/span>&lt;span style="display:flex;">&lt;span>&lt;span style="color:#800080;font-weight:bold">&lt;/span>&lt;span style="color:#204a87;font-weight:bold">1.&lt;/span> サーバーにSSHでログイン
&lt;/span>&lt;/span>&lt;span style="display:flex;">&lt;span>&lt;span style="color:#204a87;font-weight:bold">2.&lt;/span> アプリのログファイル (例: &lt;span style="color:#4e9a06">`/var/log/myapp.log`&lt;/span>) を tail/grep で確認
&lt;/span>&lt;/span>&lt;span style="display:flex;">&lt;span> tail -f /var/log/myapp.log
&lt;/span>&lt;/span>&lt;span style="display:flex;">&lt;span>&lt;span style="color:#204a87;font-weight:bold">3.&lt;/span> エラーや警告が出ていないかチェック
&lt;/span>&lt;/span>&lt;span style="display:flex;">&lt;span>
&lt;/span>&lt;/span>&lt;span style="display:flex;">&lt;span>&lt;span style="color:#800080;font-weight:bold">## 補足
&lt;/span>&lt;/span>&lt;/span>&lt;span style="display:flex;">&lt;span>&lt;span style="color:#800080;font-weight:bold">&lt;/span>&lt;span style="color:#204a87;font-weight:bold">-&lt;/span> 大きな機能追加時は DBマイグレーションが必要な場合あり
&lt;/span>&lt;/span>&lt;span style="display:flex;">&lt;span>&lt;span style="color:#204a87;font-weight:bold">-&lt;/span> リリース後24時間はログ重点監視を行い、問題があれば速やかにロールバック
&lt;/span>&lt;/span>&lt;/code>&lt;/pre>&lt;/div>&lt;p>Copilot は&lt;strong>Markdown形式&lt;/strong>で作業手順を整理し、&lt;strong>コマンド例&lt;/strong>や&lt;strong>チェックポイント&lt;/strong>を合わせて提案してくれます。&lt;/p>
&lt;hr>
&lt;h3 id="memo-練習">&amp;#x1f4dd; 練習&lt;/h3>
&lt;ol>
&lt;li>&lt;strong>他のホスティング方法&lt;/strong>
&lt;ul>
&lt;li>例: 「Dockerでコンテナを再起動する」「systemdでサービスを再起動する」と指定&lt;/li>
&lt;li>Copilotがどのようなコマンド例を提案するか確認&lt;/li>
&lt;/ul>
&lt;/li>
&lt;li>&lt;strong>通知や監視ツール連携&lt;/strong>
&lt;ul>
&lt;li>「デプロイ後にSlack通知」「New RelicでAPMをチェック」などを追加依頼&lt;/li>
&lt;/ul>
&lt;/li>
&lt;li>&lt;strong>Pull Requestで手順書をレビュー&lt;/strong>
&lt;ul>
&lt;li>Copilotの出力をチームがPRでレビューし、細部を加筆 → 運用フローを最新版に常に更新&lt;/li>
&lt;/ul>
&lt;/li>
&lt;/ol>
&lt;hr>
&lt;h2 id="まとめ">まとめ&lt;/h2>
&lt;ul>
&lt;li>&lt;strong>定期的な本番反映&lt;/strong>の流れは&lt;strong>常に同じ&lt;/strong> → &lt;strong>Copilot&lt;/strong> で&lt;strong>手順書&lt;/strong>を素早く生成 → チーム全員が&lt;strong>統一したドキュメント&lt;/strong>で作業&lt;/li>
&lt;li>&lt;strong>CLIコマンド&lt;/strong>や&lt;strong>確認手順&lt;/strong>までMarkdown化 → &lt;strong>リポジトリやWiki&lt;/strong>で共有&lt;/li>
&lt;li>&lt;strong>Pull Request&lt;/strong>で加筆修正 → &lt;strong>継続的に改善&lt;/strong>しながら標準化を進める&lt;/li>
&lt;/ul>
&lt;p>こうして&lt;strong>Copilot&lt;/strong> を使った&lt;strong>運用手順書&lt;/strong>の作成により、&lt;strong>人為ミス&lt;/strong>を減らし、&lt;strong>作業の標準化&lt;/strong>や&lt;strong>チーム学習&lt;/strong>が効率的に進みます。&lt;/p></description></item></channel></rss>