<?xml version="1.0" encoding="utf-8" standalone="yes"?>
<rss version="2.0" xmlns:atom="http://www.w3.org/2005/Atom">
  <channel>
    <title>quality on GitHub Copilot ハンズオン</title>
    <link>/tags/quality/</link>
    <description>Recent content in quality on GitHub Copilot ハンズオン</description>
    <generator>Hugo -- gohugo.io</generator>
    <language>ja</language>
    <atom:link href="/tags/quality/index.xml" rel="self" type="application/rss+xml" />
    <item>
      <title>④ テスト実装</title>
      <link>/docs/step2/example-4/</link>
      <pubDate>Mon, 01 Jan 0001 00:00:00 +0000</pubDate>
      <guid>/docs/step2/example-4/</guid>
      <description>GitHub Copilotを活用して効率的にテストコードを実装し、コード品質を向上させる手法を学びます。これまでのシナリオで理解したプロジェクト構造・設計した機能・実装したコードに対する包括的なテスト戦略を構築します。&#xA;1. 事前準備 使用するテストライブラリの概要 本シナリオでは以下のテストライブラリを組み合わせて使用します：&#xA;📚 テストライブラリの役割分担&#xA;基盤ライブラリ：&#xA;Jest … テスト実行エンジン（テストの実行・結果判定・モック機能） React専用ライブラリ：&#xA;React Testing Library … Reactコンポーネントをレンダリング・検索 @testing-library/user-event … リアルなユーザー操作をシミュレート @testing-library/jest-dom … DOM要素用の便利な検証機能を追加 💡 連携の仕組み： Jest がテスト全体を管理し、React Testing Library でコンポーネントを描画、user-event でユーザー操作を再現、jest-dom で結果を検証する流れになります。&#xA;テスト雛形生成用プロンプトファイルの作成 効率的なテスト実装のために、まずテスト雛形生成用のプロンプトファイルを作成します。&#xA;.github/prompts/generate-test.prompt.md&#xA;--- mode: agent description: &amp;#34;Reactコンポーネントテスト雛形生成&amp;#34; --- # Reactコンポーネントテスト雛形生成 ${input:componentName:コンポーネント名} のテストファイルを生成してください。 ## 生成要件 - React Testing Library使用 - TypeScript対応 - describe/it構造で整理 - モックとスパイの適切な活用 ## 基本テストケース ### 正常系テスト - コンポーネントの正常なレンダリング - Propsによる表示内容の変化 - ユーザーインタラクションの正常動作 - 状態変更の正常フロー ### 異常系テスト - 無効なPropsでのエラーハンドリング - ネットワークエラー時の挙動 - 予期しない状態での動作確認 - エッジケースでの安全性 ### アクセシビリティテスト - ARIA属性の適切な設定 - キーボードナビゲーション - フォーカス管理 - スクリーンリーダー対応 ## ファイル配置 - テストファイル: src/components/__tests__/${componentName}.</description>
    </item>
  </channel>
</rss>
