<rss version="2.0" xmlns:atom="http://www.w3.org/2005/Atom"><channel><title>GitHub Copilot ハンズオン – 業務利活用</title><link>/categories/%E6%A5%AD%E5%8B%99%E5%88%A9%E6%B4%BB%E7%94%A8/</link><description>Recent content in 業務利活用 on GitHub Copilot ハンズオン</description><generator>Hugo -- gohugo.io</generator><language>ja</language><atom:link href="/categories/%E6%A5%AD%E5%8B%99%E5%88%A9%E6%B4%BB%E7%94%A8/index.xml" rel="self" type="application/rss+xml"/><item><title>Docs: 基本的な使い方</title><link>/docs/step1/</link><pubDate>Mon, 01 Jan 0001 00:00:00 +0000</pubDate><guid>/docs/step1/</guid><description>
&lt;p>GitHub Copilot の基本的な使い方を解説します。&lt;/p></description></item><item><title>Docs: うまく指示を出すコツ</title><link>/docs/step2/</link><pubDate>Mon, 01 Jan 0001 00:00:00 +0000</pubDate><guid>/docs/step2/</guid><description>
&lt;p>GitHub Copilot に指示を出す際の効率的なプロンプトの書き方や、ヒントを紹介します。&lt;/p></description></item></channel></rss>