<?xml version="1.0" encoding="utf-8" standalone="yes"?>
<rss version="2.0" xmlns:atom="http://www.w3.org/2005/Atom">
  <channel>
    <title>リファクタリング on GitHub Copilot ハンズオン</title>
    <link>/tags/%E3%83%AA%E3%83%95%E3%82%A1%E3%82%AF%E3%82%BF%E3%83%AA%E3%83%B3%E3%82%B0/</link>
    <description>Recent content in リファクタリング on GitHub Copilot ハンズオン</description>
    <generator>Hugo -- gohugo.io</generator>
    <language>ja</language>
    <atom:link href="/tags/%E3%83%AA%E3%83%95%E3%82%A1%E3%82%AF%E3%82%BF%E3%83%AA%E3%83%B3%E3%82%B0/index.xml" rel="self" type="application/rss+xml" />
    <item>
      <title>③ 機能実装</title>
      <link>/docs/step2/example-3/</link>
      <pubDate>Mon, 01 Jan 0001 00:00:00 +0000</pubDate>
      <guid>/docs/step2/example-3/</guid>
      <description>GitHub Copilotを活用した効率的な機能実装とコード品質向上の実践方法を学びます。新機能の実装からリファクタリング、パフォーマンス最適化まで、Copilotとのペアプログラミングで開発効率を大幅に向上させます。&#xA;今回は「Todo削除確認モーダル機能」を例に、実際のコーディングプロセスを実践します。&#xA;1. 事前準備 &amp;#x1f58a;&amp;#xfe0f; 例題 実装開始前に、設計フェーズで作成したドキュメントをコンテキストとして読み込みます。&#xA;instructionsファイルの準備 実装前に、TypeScript/Reactファイル専用のinstructionsファイルを作成します。&#xA;.github/instructions/typescript-react.instructions.md&#xA;--- applyTo: &amp;#34;**/*.tsx,**/*.ts&amp;#34; description: &amp;#34;React TypeScript実装指針&amp;#34; --- # React TypeScript 実装ガイドライン ## コンポーネント設計 - 関数コンポーネントを使用し、React.FCを明示 - Props インターフェースは同ファイル内で定義 - useState, useCallback, useMemoを適切に活用 ## 型定義 - strictモードに準拠した厳密な型定義 - any型の使用禁止 - オプショナルプロパティの適切な使用 ## スタイリング - Tailwind CSSクラスを使用 - 条件付きスタイリングはclsx/classnames活用 - レスポンシブ対応の考慮 ## パフォーマンス - React.memoでコンポーネントをメモ化 - useCallbackでイベントハンドラーをメモ化 - 不要な再レンダリングを防止 ## アクセシビリティ - 適切なARIA属性の付与 - キーボード操作対応 - フォーカス管理の実装 💡 補足: instructionsファイルにより、実装中に毎回同じ指示を与える必要がなくなり、一貫性のある高品質なコードが自動的に生成されます。&#xA;💡 awesome-copilotの活用: 一から作成する代わりに、awesome-copilotのReactJS Development Instructionsをベースにして、プロジェクト固有の要件を追加するとより効率的です。コミュニティで実績のあるベストプラクティスを土台にできます。</description>
    </item>
  </channel>
</rss>
