<?xml version="1.0" encoding="utf-8" standalone="yes"?>
<rss version="2.0" xmlns:atom="http://www.w3.org/2005/Atom">
  <channel>
    <title>エージェントモード on GitHub Copilot ハンズオン</title>
    <link>/categories/%E3%82%A8%E3%83%BC%E3%82%B8%E3%82%A7%E3%83%B3%E3%83%88%E3%83%A2%E3%83%BC%E3%83%89/</link>
    <description>Recent content in エージェントモード on GitHub Copilot ハンズオン</description>
    <generator>Hugo -- gohugo.io</generator>
    <language>ja</language>
    <atom:link href="/categories/%E3%82%A8%E3%83%BC%E3%82%B8%E3%82%A7%E3%83%B3%E3%83%88%E3%83%A2%E3%83%BC%E3%83%89/index.xml" rel="self" type="application/rss+xml" />
    <item>
      <title>① エージェントモード</title>
      <link>/docs/step1/example-1/</link>
      <pubDate>Mon, 01 Jan 0001 00:00:00 +0000</pubDate>
      <guid>/docs/step1/example-1/</guid>
      <description>1. エージェントモード とは？ 概要： GitHub Copilot の3つのモード（Ask、Edit、Agent）の中で最も強力なモードです。高レベルの指示を渡すと、Copilot が自律的に手順を計画し、適切なファイルを選択し、複数のステップにわたってタスクを完了まで実行します。&#xA;Agent モードの特徴：&#xA;自律的な実行: 単一の指示から複数のファイル編集を計画・実行 プロジェクト全体の理解: 関連ファイルを自動的に特定し、整合性を保つ 継続的な実行: 各ステップでの承認を待たずに目標達成まで実行 例えば、「Todo型のtextプロパティをtitleに変更してください」と指示すると、型定義だけでなく、関連するすべてのコンポーネントとテストファイルを自動で更新します。&#xA;2. Agent モードの動作特性 Agent モードは他のモード（Ask、Edit）とは大きく異なる特性を持っています。&#xA;flowchart LR A[&amp;#34;高レベルの指示&amp;lt;br/&amp;gt;（例：認証機能を追加）&amp;#34;] --&amp;gt;|自律的な計画立案| B[&amp;#34;必要なファイル・手順を特定&amp;#34;] B --&amp;gt;|自動実行| C[&amp;#34;複数ファイルの編集&amp;#34;] C --&amp;gt;|継続実行| D[&amp;#34;関連する追加変更&amp;#34;] D --&amp;gt;|完了まで継続| E[&amp;#34;タスク完了&amp;#34;] style A fill:#e1f5fe style E fill:#e8f5e8 Edit モードとの重要な違い：&#xA;スコープ: 指定範囲だけでなく、プロジェクト全体の整合性を考慮 実行方法: 各ステップでの承認を待たずに自動的に編集を適用 制御: 開発者が目標を定義し、Copilot が「ドライバー」として実行 注意点&#xA;Agent モードは制御を一部手放すことになります。時には予期しないファイルに触れたり、想定と異なる方向に進むことがあります。そのため、センシティブなシステムや的を絞った変更が必要な場合は、Edit モードの方が適している場合があります。ategories: [GitHub Copilot, エージェントモード]&#xA;3. 具体的な使用例 &amp;#x1f58a;&amp;#xfe0f; 例題 1 - 機能追加（作成日時表示） GHCP-TodoApp に作成日時表示機能を追加してみましょう。&#xA;Todoアイテムに作成日時を「〇分前」「〇時間前」形式で表示する機能を追加してください。既存のcreatedAtプロパティを活用し、日本語表示にしてください &amp;#x1f916; 出力例 1 Copilot が以下の処理を自動実行します：</description>
    </item>
  </channel>
</rss>
