<?xml version="1.0" encoding="utf-8" standalone="yes"?>
<rss version="2.0" xmlns:atom="http://www.w3.org/2005/Atom">
  <channel>
    <title>GitHub Copilot ハンズオン</title>
    <link>/</link>
    <description>Recent content on GitHub Copilot ハンズオン</description>
    <generator>Hugo -- gohugo.io</generator>
    <language>ja</language>
    <atom:link href="/index.xml" rel="self" type="application/rss+xml" />
    <item>
      <title>① エージェントモード</title>
      <link>/docs/step1/example-1/</link>
      <pubDate>Mon, 01 Jan 0001 00:00:00 +0000</pubDate>
      <guid>/docs/step1/example-1/</guid>
      <description>1. エージェントモード とは？ 概要： GitHub Copilot の3つのモード（Ask、Edit、Agent）の中で最も強力なモードです。高レベルの指示を渡すと、Copilot が自律的に手順を計画し、適切なファイルを選択し、複数のステップにわたってタスクを完了まで実行します。&#xA;Agent モードの特徴：&#xA;自律的な実行: 単一の指示から複数のファイル編集を計画・実行 プロジェクト全体の理解: 関連ファイルを自動的に特定し、整合性を保つ 継続的な実行: 各ステップでの承認を待たずに目標達成まで実行 例えば、「Todo型のtextプロパティをtitleに変更してください」と指示すると、型定義だけでなく、関連するすべてのコンポーネントとテストファイルを自動で更新します。&#xA;2. Agent モードの動作特性 Agent モードは他のモード（Ask、Edit）とは大きく異なる特性を持っています。&#xA;flowchart LR A[&amp;#34;高レベルの指示&amp;lt;br/&amp;gt;（例：認証機能を追加）&amp;#34;] --&amp;gt;|自律的な計画立案| B[&amp;#34;必要なファイル・手順を特定&amp;#34;] B --&amp;gt;|自動実行| C[&amp;#34;複数ファイルの編集&amp;#34;] C --&amp;gt;|継続実行| D[&amp;#34;関連する追加変更&amp;#34;] D --&amp;gt;|完了まで継続| E[&amp;#34;タスク完了&amp;#34;] style A fill:#e1f5fe style E fill:#e8f5e8 Edit モードとの重要な違い：&#xA;スコープ: 指定範囲だけでなく、プロジェクト全体の整合性を考慮 実行方法: 各ステップでの承認を待たずに自動的に編集を適用 制御: 開発者が目標を定義し、Copilot が「ドライバー」として実行 注意点&#xA;Agent モードは制御を一部手放すことになります。時には予期しないファイルに触れたり、想定と異なる方向に進むことがあります。そのため、センシティブなシステムや的を絞った変更が必要な場合は、Edit モードの方が適している場合があります。ategories: [GitHub Copilot, エージェントモード]&#xA;3. 具体的な使用例 &amp;#x1f58a;&amp;#xfe0f; 例題 1 - 機能追加（作成日時表示） GHCP-TodoApp に作成日時表示機能を追加してみましょう。&#xA;Todoアイテムに作成日時を「〇分前」「〇時間前」形式で表示する機能を追加してください。既存のcreatedAtプロパティを活用し、日本語表示にしてください &amp;#x1f916; 出力例 1 Copilot が以下の処理を自動実行します：</description>
    </item>
    <item>
      <title>① プロジェクトの構造及びコード理解</title>
      <link>/docs/step2/example-1/</link>
      <pubDate>Mon, 01 Jan 0001 00:00:00 +0000</pubDate>
      <guid>/docs/step2/example-1/</guid>
      <description>新しいプロジェクトに参画したとき、既存のコードベースを効率的に理解することは重要です。GitHub Copilotを活用して、プロジェクトの全体像を素早く把握する手法を学びます。&#xA;1. &amp;#x1f58a;&amp;#xfe0f; 例題 - プロジェクト全体の把握 次のプロンプトをCopilot Chatに入力します。&#xA;#codebase このプロジェクトの概要を教えてください。以下の観点で分析してください： 1. プロジェクトの目的・機能 2. 技術スタック（フロントエンド・バックエンド・データベース） 3. フォルダ構造とその役割 4. 主要なファイルの説明 5. 開発・ビルド・実行手順 6. 依存関係の概要 &amp;#x1f916; 出力例 # GHCP-TodoApp プロジェクト分析レポート ## 1. プロジェクトの目的・機能 ### 目的 - GitHub CopilotとNext.jsを使って構築されたモダンなTodoアプリケーション - 開発者の学習用・デモンストレーション用として設計 - TypeScriptとTailwind CSSを活用したモダンなフロントエンド開発の実装例 ### 主要機能 - **基本Todo管理** - タスクの追加・編集・削除 - 完了/未完了の切り替え - リアルタイムでのローカルストレージ保存 - **削除確認モーダル** - 誤操作防止のための削除確認ダイアログ - ESCキー、バックドロップクリックでの閉じる機能 - アクセシビリティ対応（role, aria属性） - **高度な管理機能** - 3段階の優先度設定（Low/Medium/High） - ステータス管理（Todo/In-Progress/Done） - 作成日時の自動記録と表示 - **フィルタリング・表示機能** - すべて/アクティブ/完了済みのフィルタリング - 各カテゴリのタスク数表示（バッジ形式） - 一括削除機能（完了済みタスク） - **UI/UX** - ダークモード対応 - レスポンシブデザイン - 絵文字を活用したコメント可視化 ## 2.</description>
    </item>
    <item>
      <title>問題1: テストカバレッジの向上</title>
      <link>/docs/step3/example-1/</link>
      <pubDate>Mon, 01 Jan 0001 00:00:00 +0000</pubDate>
      <guid>/docs/step3/example-1/</guid>
      <description>問題 テスト実装で学んだ技法を活用して、GHCP-TodoAppプロジェクトのテストカバレッジを向上させてください。&#xA;🎯 ゴール テストカバレッジを以下の基準まで向上させること：&#xA;行カバレッジ（Lines）: 90%以上 関数カバレッジ（Functions）: 85%以上 分岐カバレッジ（Branches）: 80%以上 文カバレッジ（Statements）: 90%以上 💡 カバレッジの種類について&#xA;行カバレッジ（Lines）: 実行されたコードの行数の割合。コードの物理的な行がテストで実行されているかを測定 関数カバレッジ（Functions）: 呼び出された関数やメソッドの割合。定義されている関数のうち、テストで実際に呼び出されているものの比率 分岐カバレッジ（Branches）: if文やswitch文などの条件分岐で、すべての分岐パターンがテストされているかの割合 文カバレッジ（Statements）: 実行された文（ステートメント）の割合。セミコロンで区切られる個々の実行単位の実行率 ✅ ゴールの確認方法 以下のコマンドを実行して、すべてのカバレッジ基準をクリアできればゴール達成です：&#xA;npm test -- --coverage --coverageThreshold=&amp;#39;{&amp;#34;global&amp;#34;:{&amp;#34;branches&amp;#34;:80,&amp;#34;functions&amp;#34;:85,&amp;#34;lines&amp;#34;:90,&amp;#34;statements&amp;#34;:90}}&amp;#39; 成功の判定基準：&#xA;テストが正常終了（失敗例のような表示がされない） coverage/lcov-report/index.html を確認して、以下の数値を達成 行カバレッジ（Lines）: 90%以上 関数カバレッジ（Functions）: 85%以上 分岐カバレッジ（Branches）: 80%以上 文カバレッジ（Statements）: 90%以上 失敗例：&#xA;Jest: &amp;#34;global&amp;#34; coverage threshold for branches (80%) not met: 77.86% このようなメッセージが表示された場合は、該当項目のカバレッジが不足しています。&#xA;失敗の際は、下記のようにカバレッジレポートの下にカバレッジ不足のメッセージが表示されます：&#xA;-------------------------|---------|----------|---------|---------|------------------------------ File | % Stmts | % Branch | % Funcs | % Lines | Uncovered Line #s -------------------------|---------|----------|---------|---------|------------------------------ All files | 92.</description>
    </item>
    <item>
      <title>② ツール</title>
      <link>/docs/step1/example-2/</link>
      <pubDate>Mon, 01 Jan 0001 00:00:00 +0000</pubDate>
      <guid>/docs/step1/example-2/</guid>
      <description>1. ツールとは？ GitHub Copilot のチャットでは、#ツール名を使って便利な機能を呼び出すことができます。 これらは「ツール」と呼ばれ、コードに関する情報を簡単に取得したり、様々な作業を自動化したりできます。&#xA;身近な例で説明すると：&#xA;#selection → 今選択しているコードについて質問 #terminalSelection → ターミナルのエラーメッセージについて質問 #fetch → ウェブサイトの内容を取得して分析 ポイント&#xA;チャット変数の参照 … #-mention構文で関連コンテキストを効率的に参照 Agent mode での自動実行 … 自律的なコーディングワークフローで必要に応じてツールが実行される 拡張機能とMCPサーバー … 追加のツールを提供し、チャットプロンプトで利用可能 2. 利用可能なツール一覧ツール ツール 目的・説明 #changes Git 変更一覧を取得し、差分を参照に会話 #codebase ワークスペース全体をコード検索して関連箇所を抽出 #editFiles ファイルの新規作成・編集を行うツールセット #extensions VS Code 拡張機能を検索・質問 #fetch 指定 URL の HTML/JSON などを取得して内容を利用 #findTestFiles テストファイルを検索して一覧化 #githubRepo GitHub 上の公開リポジトリをコード検索 #new 新しい VS Code ワークスペースをスキャフォールド #openSimpleBrowser VS Code 内ブラウザでローカル Web アプリをプレビュー #problems Problems パネルのエラー・警告を取得 #readCellOutput Notebook のセル出力を読み取り #runCommands ターミナルコマンドを実行し出力を取得 #runNotebooks Notebook のセルを実行し出力を取得 #runTasks tasks.</description>
    </item>
    <item>
      <title>② 新規機能の設計</title>
      <link>/docs/step2/example-2/</link>
      <pubDate>Mon, 01 Jan 0001 00:00:00 +0000</pubDate>
      <guid>/docs/step2/example-2/</guid>
      <description>GitHub Copilotを活用して新規機能の設計を効率的に行う方法を学びます。要件定義から技術設計、実装計画まで、Copilotとの対話を通じて体系的にアプローチしていきます。&#xA;今回は「Todo削除確認モーダル機能」を例に、実際の開発現場で必要となる設計プロセスを実践します。&#xA;1. 要件定義フェーズ &amp;#x1f58a;&amp;#xfe0f; 例題 次のプロンプトを入力して、要件定義を進めます。&#xA;#codebase Todo削除確認モーダル機能を追加したいです。 基本的な機能要件と想定される利用シーンを教えてください。 出力は要件定義.mdに記載してください。 💡 Tips: デザイン画像やモックアップがある場合は、画像ファイルを添付して以下のように依頼すると、より具体的で実装しやすい仕様を作成できます：&#xA;画像の添付方法：&#xA;VS Codeのチャットビューに画像ファイルをドラッグ&amp;amp;ドロップ クリップボードから画像を直接コピー&amp;amp;ペースト 添付ボタン（📎）から画像ファイルを選択 ↓添付する画像&#xA;#codebase 添付したモーダルのデザイン画像を参考に、Todo削除確認モーダル機能を追加したいです。 デザインに沿った機能要件と技術仕様を教えてください。 出力は要件定義.mdに記載してください。 &amp;#x1f916; 出力例 ## Todo削除確認モーダル機能 要件定義 ### 基本機能 - **削除ボタンクリック時**: 確認モーダルを表示 - **モーダル内容**: Todoタイトル表示 + 「削除しますか？」メッセージ - **ユーザー選択**: 「削除する」または「キャンセル」ボタン - **削除実行**: モーダルを閉じてTodoを削除 ### 利用シーン - **誤操作防止**: 重要なTodoの意図しない削除を防ぐ - **確認プロセス**: 削除前にユーザーが内容を再確認できる - **安心感**: 取り消せない操作であることを明示 ### 期待効果 - 誤削除の大幅減少 - ユーザー体験の向上 - データ保護の強化 💡 補足: さらに詳細な要件定義には、レスポンシブ対応、アクセシビリティ要件、パフォーマンス基準、ユーザーストーリーなどの観点を含めるとより包括的な設計ができます。&#xA;2. 技術設計フェーズ &amp;#x1f58a;&amp;#xfe0f; 例題 要件が整理できたら、技術設計を進めます。</description>
    </item>
    <item>
      <title>問題2: ダークモード機能の実装</title>
      <link>/docs/step3/example-2/</link>
      <pubDate>Mon, 01 Jan 0001 00:00:00 +0000</pubDate>
      <guid>/docs/step3/example-2/</guid>
      <description>問題 GitHub Copilotと協力して、GHCP-TodoAppにダークモード切り替え機能を0から実装してください。設計から実装、テストまでの一連の開発プロセスを体験します。&#xA;📝 実装要件 以下の要件を満たすダークモード機能を実装してください：&#xA;UI/UX要件 切り替えボタン: TodoApp画面の右上端（カンバン表示ボタンの隣）に配置 ボタンデザイン: 丸いボタン アイコン表示: ライトモード時🌙、ダークモード時☀️ ホバー効果: ボタンにマウスを乗せると薄く光る 応答性: クリック時の即座なテーマ変更 キーボード操作: EnterキーとSpaceキーで切り替え可能 デザイン要件 ライトモード: 全体の背景色 bg-white ダークモード: 全体の背景色 bg-gray-900 読みやすさ: 各モードで十分なコントラストを確保 一貫性: 既存のデザインシステムとの調和 技術要件 Tailwind CSS: dark:プレフィックスを使用 TypeScript: 型安全な実装 テスト: コンポーネントとカスタムフックのテスト実装 🎯 ゴール 以下の機能を完全に実装することがゴールです：&#xA;動作する機能&#xA;右上の🌙/☀️ボタンでライト/ダークモードを切り替えられる ボタンクリックで即座に画面全体のテーマが変わる 現在のモードに応じてアイコンが正しく表示される（ライト時🌙、ダーク時☀️） Enter と Space キーでダークモードの切り替えができる デザイン品質&#xA;ライトモード：白背景（bg-white）で黒文字、読みやすい表示 ダークモード：黒背景（bg-gray-900）で白文字、目に優しい表示 ボタンのホバー効果が動作する 既存のTodoアプリデザインと調和している 技術品質&#xA;useThemeカスタムフックで状態管理が実装されている TypeScriptで型安全にコードが書かれている コンポーネントとフックのテストが実装され、すべて通過する Tailwindのdark:プレフィックスを活用している ✅ ゴールの確認方法 以下の手順をすべてクリアできればゴール達成です：&#xA;1. 機能動作テスト 手順1: 基本動作確認&#xA;npm run dev → ブラウザでアプリケーションを開き、以下を確認：</description>
    </item>
    <item>
      <title>③ ツールセット</title>
      <link>/docs/step1/example-3/</link>
      <pubDate>Mon, 01 Jan 0001 00:00:00 +0000</pubDate>
      <guid>/docs/step1/example-3/</guid>
      <description>1. ツールセットとは？ ツールセットは、チャットで使用できる 関連するツールのコレクション です。複数のツールをひとまとめにして、特定の作業に最適化されたツールグループを作成できます。&#xA;ポイント&#xA;効率的なツール管理 … 関連するツールをグループ化して整理 チャットから直接参照 … 例：#myToolset このプロジェクトを分析して エージェントモードで選択可能 … ツールピッカーから任意のツールセットを選択 カスタムワークフロー … プロジェクトや作業内容に応じたツール構成 2. ツールセットファイルの構造 ツールセットは .toolsets.jsonc ファイルで定義します：&#xA;{ &amp;#34;ツールセット名&amp;#34;: { &amp;#34;tools&amp;#34;: [ &amp;#34;ツール1&amp;#34;, &amp;#34;ツール2&amp;#34;, &amp;#34;ツール3&amp;#34; ], &amp;#34;description&amp;#34;: &amp;#34;ツールセットの説明&amp;#34;, &amp;#34;icon&amp;#34;: &amp;#34;アイコン名&amp;#34; } } 2.1 各プロパティの説明 プロパティ 説明 例 tools 含めるツール名のリスト [&amp;quot;changes&amp;quot;, &amp;quot;codebase&amp;quot;, &amp;quot;problems&amp;quot;] description ツールセットの簡単な説明 &amp;quot;コードレビュー用ツールセット&amp;quot; icon ツールピッカーで表示するアイコン &amp;quot;search&amp;quot;, &amp;quot;debug&amp;quot;, &amp;quot;tools&amp;quot; など (アイコン集) 3. ツールセットの活用シーン シーン ツールセット例 含まれるツール コードレビュー reviewer #changes, #problems, #codebase, #usages デバッグ作業 debugger #problems, #runTests, #terminalSelection, #testFailure 新規開発 developer #new, #editFiles, #runTasks, #openSimpleBrowser 外部調査 researcher #fetch, #githubRepo, #extensions, #VSCodeAPI 4.</description>
    </item>
    <item>
      <title>③ 機能実装</title>
      <link>/docs/step2/example-3/</link>
      <pubDate>Mon, 01 Jan 0001 00:00:00 +0000</pubDate>
      <guid>/docs/step2/example-3/</guid>
      <description>GitHub Copilotを活用した効率的な機能実装とコード品質向上の実践方法を学びます。新機能の実装からリファクタリング、パフォーマンス最適化まで、Copilotとのペアプログラミングで開発効率を大幅に向上させます。&#xA;今回は「Todo削除確認モーダル機能」を例に、実際のコーディングプロセスを実践します。&#xA;1. 事前準備 &amp;#x1f58a;&amp;#xfe0f; 例題 実装開始前に、設計フェーズで作成したドキュメントをコンテキストとして読み込みます。&#xA;instructionsファイルの準備 実装前に、TypeScript/Reactファイル専用のinstructionsファイルを作成します。&#xA;.github/instructions/typescript-react.instructions.md&#xA;--- applyTo: &amp;#34;**/*.tsx,**/*.ts&amp;#34; description: &amp;#34;React TypeScript実装指針&amp;#34; --- # React TypeScript 実装ガイドライン ## コンポーネント設計 - 関数コンポーネントを使用し、React.FCを明示 - Props インターフェースは同ファイル内で定義 - useState, useCallback, useMemoを適切に活用 ## 型定義 - strictモードに準拠した厳密な型定義 - any型の使用禁止 - オプショナルプロパティの適切な使用 ## スタイリング - Tailwind CSSクラスを使用 - 条件付きスタイリングはclsx/classnames活用 - レスポンシブ対応の考慮 ## パフォーマンス - React.memoでコンポーネントをメモ化 - useCallbackでイベントハンドラーをメモ化 - 不要な再レンダリングを防止 ## アクセシビリティ - 適切なARIA属性の付与 - キーボード操作対応 - フォーカス管理の実装 💡 補足: instructionsファイルにより、実装中に毎回同じ指示を与える必要がなくなり、一貫性のある高品質なコードが自動的に生成されます。&#xA;💡 awesome-copilotの活用: 一から作成する代わりに、awesome-copilotのReactJS Development Instructionsをベースにして、プロジェクト固有の要件を追加するとより効率的です。コミュニティで実績のあるベストプラクティスを土台にできます。</description>
    </item>
    <item>
      <title>問題3: バグ修正</title>
      <link>/docs/step3/example-3/</link>
      <pubDate>Mon, 01 Jan 0001 00:00:00 +0000</pubDate>
      <guid>/docs/step3/example-3/</guid>
      <description>前提条件 この演習を始める前に、検索ページの機能を含む add-search ブランチの内容を main ブランチにマージする必要があります。&#xA;📋 事前準備手順 # 1. main ブランチにいることを確認 git checkout main # 2. 最新のリモート情報を取得 git fetch origin # 3. add-search ブランチの内容を main にマージ git merge origin/add-search # 4. 依存関係のインストール npm install # 5. 開発サーバーを起動して検索ページが利用可能か確認 npm run dev # ブラウザで http://localhost:3000/search にアクセスして検索ページが表示されることを確認 💡 重要 検索ページ（/search）が正常に表示されることを確認してから次の問題に進んでください。もしページが表示されない場合は、マージが正常に完了していない可能性があります。&#xA;問題 検索ページに複数のバグが混入しており、ユーザーから以下の不具合報告が上がっています。 GitHub Copilot を活用してこれらのバグを効率的に特定・修正してください。&#xA;🚨 報告されている不具合 統計表示の異常: 高優先度のTodoがあるはずなのに、統計欄の「🔥 高優先度」が常に0件と表示される 検索機能の不具合: 検索ボックスに文字を入力しても検索結果が更新されない リセット機能の不完全動作: 「リセット」ボタンを押してもソート順がリセットされない 💡 学習のポイント この演習では、まず 1つのバグ（高優先度統計） を例に修正方法を習得します。修正完了後、同じアプローチを他のバグ（検索機能、リセット機能）にも応用していきます。&#xA;🎯 ゴール 以下の3つのバグをすべて修正し、検索ページが正常に動作することがゴールです：</description>
    </item>
    <item>
      <title>④ Copilot のカスタマイズ</title>
      <link>/docs/step1/example-4/</link>
      <pubDate>Mon, 01 Jan 0001 00:00:00 +0000</pubDate>
      <guid>/docs/step1/example-4/</guid>
      <description>1. Copilot のカスタマイズ方法は？ VS Code の GitHub Copilot は、カスタム指示やプロンプトファイルを使用してAIの応答をプロジェクトの要件に合わせてカスタマイズできます。毎回同じコンテキストを入力する代わりに、ファイルに保存して自動的にすべてのチャットリクエストに含めることが可能です。&#xA;ポイント&#xA;カスタム指示 … コーディング規約や技術スタックに関する共通ガイドライン（どのように作業を行うか） プロンプトファイル … 特定タスク用の再利用可能なプロンプト（何を行うか） 自動適用 … ワークスペース全体またはファイル固有の自動適用 チーム共有 … バージョン管理でチーム全体の標準化 2. カスタマイズの種類と使い分け VS Code では以下の3つの方法でCopilotをカスタマイズできます：&#xA;種類 用途 ファイル形式 適用範囲 使い分けのポイント .github/copilot-instructions.md 全般的なコーディング規約 Markdown ワークスペース全体 • プロジェクト全体の基本ルール&#xA;• すべてのチャットに自動適用&#xA;• チーム共有が容易 .instructions.md タスク・技術固有の指示 Markdown globパターンで指定 • 特定ファイルタイプや領域の詳細ルール&#xA;• 条件付き自動適用&#xA;• 複数ファイルで分割管理 .prompt.md 再利用可能なプロンプト Markdown 手動実行 • 複雑なタスクの標準化&#xA;• 変数を使った柔軟な実行&#xA;• 頻繁に行う作業の効率化 使い分けの指針 📝 基本ルール → .github/copilot-instructions.md&#xA;プロジェクト全体で統一したいコーディング規約 技術スタックの指定（React, TypeScript等） 基本的なファイル構成やネーミング規則 🎯 専門領域 → .</description>
    </item>
    <item>
      <title>④ テスト実装</title>
      <link>/docs/step2/example-4/</link>
      <pubDate>Mon, 01 Jan 0001 00:00:00 +0000</pubDate>
      <guid>/docs/step2/example-4/</guid>
      <description>GitHub Copilotを活用して効率的にテストコードを実装し、コード品質を向上させる手法を学びます。これまでのシナリオで理解したプロジェクト構造・設計した機能・実装したコードに対する包括的なテスト戦略を構築します。&#xA;1. 事前準備 使用するテストライブラリの概要 本シナリオでは以下のテストライブラリを組み合わせて使用します：&#xA;📚 テストライブラリの役割分担&#xA;基盤ライブラリ：&#xA;Jest … テスト実行エンジン（テストの実行・結果判定・モック機能） React専用ライブラリ：&#xA;React Testing Library … Reactコンポーネントをレンダリング・検索 @testing-library/user-event … リアルなユーザー操作をシミュレート @testing-library/jest-dom … DOM要素用の便利な検証機能を追加 💡 連携の仕組み： Jest がテスト全体を管理し、React Testing Library でコンポーネントを描画、user-event でユーザー操作を再現、jest-dom で結果を検証する流れになります。&#xA;テスト雛形生成用プロンプトファイルの作成 効率的なテスト実装のために、まずテスト雛形生成用のプロンプトファイルを作成します。&#xA;.github/prompts/generate-test.prompt.md&#xA;--- mode: agent description: &amp;#34;Reactコンポーネントテスト雛形生成&amp;#34; --- # Reactコンポーネントテスト雛形生成 ${input:componentName:コンポーネント名} のテストファイルを生成してください。 ## 生成要件 - React Testing Library使用 - TypeScript対応 - describe/it構造で整理 - モックとスパイの適切な活用 ## 基本テストケース ### 正常系テスト - コンポーネントの正常なレンダリング - Propsによる表示内容の変化 - ユーザーインタラクションの正常動作 - 状態変更の正常フロー ### 異常系テスト - 無効なPropsでのエラーハンドリング - ネットワークエラー時の挙動 - 予期しない状態での動作確認 - エッジケースでの安全性 ### アクセシビリティテスト - ARIA属性の適切な設定 - キーボードナビゲーション - フォーカス管理 - スクリーンリーダー対応 ## ファイル配置 - テストファイル: src/components/__tests__/${componentName}.</description>
    </item>
    <item>
      <title>⑤ カスタムチャットモード</title>
      <link>/docs/step1/example-5/</link>
      <pubDate>Mon, 01 Jan 0001 00:00:00 +0000</pubDate>
      <guid>/docs/step1/example-5/</guid>
      <description>1. カスタムチャットモードとは？ カスタムチャットモードは、特定の作業に最適化された指示とツールの組み合わせを事前定義し、素早く切り替えられる機能です。例えば「計画立案モード」では実装プランの生成に特化し、読み取り専用ツールのみを使用するといった設定が可能です。&#xA;ポイント&#xA;専用設定 … 特定タスクに最適化されたツールと指示の組み合わせ 素早い切り替え … チャットモードドロップダウンから瞬時に変更 再利用可能 … ワークスペースまたはユーザープロファイルに保存 チーム共有 … .chatmode.md ファイルでチーム全体の標準化 2. 実際の使用例での違い 例：「ユーザー認証機能を追加したい」という要求&#xA;通常 + Copilot カスタマイゼーション:&#xA;// 自動的にコーディング規約が適用されたコードが生成 type AuthUser = { // interface ではなく type id: string; email: string; }; const LoginForm: React.FC = () =&amp;gt; { // 関数コンポーネント // styled-components を使用したスタイリング return &amp;lt;StyledForm&amp;gt;...&amp;lt;/StyledForm&amp;gt;; }; Plan カスタムチャットモード:&#xA;# ユーザー認証機能 実装計画 ## 概要 セキュアなユーザー認証システムを追加 ## 実装手順 1. 認証ミドルウェアの作成 2. ユーザーモデルの設計 3. ログイン・ログアウトエンドポイント # ※コードは生成されず、計画のみ 2.</description>
    </item>
    <item>
      <title>⑥ Awesome Copilot コミュニティリソース</title>
      <link>/docs/step1/example-6/</link>
      <pubDate>Mon, 01 Jan 0001 00:00:00 +0000</pubDate>
      <guid>/docs/step1/example-6/</guid>
      <description>1. Awesome Copilot とは？ GitHub公式のawesome-copilotリポジトリは、コミュニティが貢献する100以上のカスタマイズリソースを集約したコレクションです。VS Code 1.102以降では、これらのリソースをリンクから直接インポートして即座に利用できます。&#xA;ポイント&#xA;コミュニティ貢献 … 実際の開発現場で使用されている実践的な設定 ワンクリックインポート … VS Codeリンクから瞬時に設定を導入 技術別カテゴリ … Angular、React、Python、Azure等の専門分野別 継続更新 … 新しい技術やベストプラクティスが随時追加 2. リソースの3つのカテゴリ 2.1 📋 カスタム指示（Custom Instructions）- 50以上 技術別開発ガイドライン&#xA;分野 指示名 説明 フロントエンド Next.js + Tailwind Development Instructions Next.js + Tailwindの開発標準と指示 フロントエンド ReactJS Development Instructions ReactJSの開発標準とベストプラクティス フロントエンド Angular Development Instructions Angular固有のコーディング標準とベストプラクティス フロントエンド VueJS 3 Development Instructions VueJS 3の開発標準とベストプラクティス（Composition API とTypeScript） バックエンド Spring Boot Development Spring Bootベースアプリケーション構築のガイドライン バックエンド ASP.NET REST API Development ASP.</description>
    </item>
    <item>
      <title>Search Results</title>
      <link>/search/</link>
      <pubDate>Mon, 01 Jan 0001 00:00:00 +0000</pubDate>
      <guid>/search/</guid>
      <description></description>
    </item>
  </channel>
</rss>
